Shelf,Title,Author,Rating,Publication Year,Link
children,Charlotte’s Web,E.B. White,4.21,1952,https://www.goodreads.com/book/show/24178.Charlotte_s_Web
children,"Harry Potter and the Philosopher’s Stone (Harry Potter, #1)",J.K. Rowling,4.47,1997,https://www.goodreads.com/book/show/42844155-harry-potter-and-the-philosopher-s-stone
children,The Little Prince,Antoine de Saint-Exupéry,4.33,1943,https://www.goodreads.com/book/show/157993.The_Little_Prince
children,The Giving Tree,Shel Silverstein,4.38,1964,https://www.goodreads.com/book/show/370493.The_Giving_Tree
children,Where the Wild Things Are,Maurice Sendak,4.25,1963,https://www.goodreads.com/book/show/19543.Where_the_Wild_Things_Are
children,Matilda,Roald Dahl,4.33,1988,https://www.goodreads.com/book/show/39988.Matilda
children,"Charlie and the Chocolate Factory (Charlie Bucket, #1)",Roald Dahl,4.17,1964,https://www.goodreads.com/book/show/6310.Charlie_and_the_Chocolate_Factory
children,Green Eggs and Ham,Dr. Seuss,4.31,1960,https://www.goodreads.com/book/show/23772.Green_Eggs_and_Ham
children,"The Lion, the Witch and the Wardrobe (Chronicles of Narnia, #1)",C.S. Lewis,4.24,1950,https://www.goodreads.com/book/show/132080146-the-lion-the-witch-and-the-wardrobe
children,"Harry Potter and the Chamber of Secrets (Harry Potter, #2)",J.K. Rowling,4.43,1998,https://www.goodreads.com/book/show/15881.Harry_Potter_and_the_Chamber_of_Secrets
children,The Secret Garden,Frances Hodgson Burnett,4.17,1911,https://www.goodreads.com/book/show/2998.The_Secret_Garden
children,"Harry Potter and the Prisoner of Azkaban (Harry Potter, #3)",J.K. Rowling,4.58,1999,https://www.goodreads.com/book/show/5.Harry_Potter_and_the_Prisoner_of_Azkaban
children,"The Cat in the Hat (Cat in the Hat, #1)",Dr. Seuss,4.19,1957,https://www.goodreads.com/book/show/233093.The_Cat_in_the_Hat
children,Where the Sidewalk Ends,Shel Silverstein,4.35,1974,https://www.goodreads.com/book/show/30119.Where_the_Sidewalk_Ends
children,"Harry Potter and the Goblet of Fire (Harry Potter, #4)",J.K. Rowling,4.57,2000,https://www.goodreads.com/book/show/58613424-harry-potter-and-the-goblet-of-fire
children,The Very Hungry Caterpillar,Eric Carle,4.34,1969,https://www.goodreads.com/book/show/4948.The_Very_Hungry_Caterpillar
children,"Winnie-the-Pooh (Winnie-the-Pooh, #1)",A.A. Milne,4.38,1926,https://www.goodreads.com/book/show/99107.Winnie_the_Pooh
children,"Harry Potter and the Order of the Phoenix (Harry Potter, #5)",J.K. Rowling,4.5,2003,https://www.goodreads.com/book/show/58613451-harry-potter-and-the-order-of-the-phoenix
children,"Harry Potter and the Half-Blood Prince (Harry Potter, #6)",J.K. Rowling,4.58,2005,https://www.goodreads.com/book/show/58613345-harry-potter-and-the-half-blood-prince
children,"Harry Potter and the Deathly Hallows (Harry Potter, #7)",J.K. Rowling,4.62,2007,https://www.goodreads.com/book/show/58613224-harry-potter-and-the-deathly-hallows
children,James and the Giant Peach,Roald Dahl,4.04,1961,https://www.goodreads.com/book/show/6689.James_and_the_Giant_Peach
children,"A Wrinkle in Time (Time Quintet, #1)",Madeleine L'Engle,3.97,1962,https://www.goodreads.com/book/show/33574273-a-wrinkle-in-time
children,"The Wonderful Wizard of Oz (Oz, #1)",L. Frank Baum,4.0,1900,https://www.goodreads.com/book/show/236093.The_Wonderful_Wizard_of_Oz
children,"Oh, the Places You’ll Go!",Dr. Seuss,4.37,1990,https://www.goodreads.com/book/show/191139.Oh_the_Places_You_ll_Go_
children,Goodnight Moon,Margaret Wise Brown,4.32,1947,https://www.goodreads.com/book/show/32929.Goodnight_Moon
children,How the Grinch Stole Christmas!,Dr. Seuss,4.38,1957,https://www.goodreads.com/book/show/113946.How_the_Grinch_Stole_Christmas_
children,"Anne of Green Gables (Anne of Green Gables, #1)",L.M. Montgomery,4.33,1908,https://www.goodreads.com/book/show/8127.Anne_of_Green_Gables
children,The BFG,Roald Dahl,4.23,1982,https://www.goodreads.com/book/show/6319.The_BFG
children,The Witches,Roald Dahl,4.18,1983,https://www.goodreads.com/book/show/6327.The_Witches
children,Alice’s Adventures in Wonderland / Through the Looking-Glass,Lewis Carroll,4.06,1871,https://www.goodreads.com/book/show/24213.Alice_s_Adventures_in_Wonderland_Through_the_Looking_Glass
children,The Velveteen Rabbit,Margery Williams Bianco,4.31,1922,https://www.goodreads.com/book/show/144974.The_Velveteen_Rabbit
children,"The Bad Beginning (A Series of Unfortunate Events, #1)",Lemony Snicket,4.02,1999,https://www.goodreads.com/book/show/78411.The_Bad_Beginning
children,Peter Pan,J.M. Barrie,4.03,1911,https://www.goodreads.com/book/show/34268.Peter_Pan
children,"The Magician’s Nephew (Chronicles of Narnia, #6)",C.S. Lewis,4.05,1955,https://www.goodreads.com/book/show/65605.The_Magician_s_Nephew
children,"Pippi Longstocking (Pippi Långstrump, #1)",Astrid Lindgren,4.15,1945,https://www.goodreads.com/book/show/19302.Pippi_Longstocking
children,The Lorax,Dr. Seuss,4.35,1971,https://www.goodreads.com/book/show/7784.The_Lorax
children,Coraline,Neil Gaiman,4.13,2002,https://www.goodreads.com/book/show/17061.Coraline
children,The Wind in the Willows,Kenneth Grahame,4.02,1908,https://www.goodreads.com/book/show/5659.The_Wind_in_the_Willows
children,"The Tale of Peter Rabbit (World of Beatrix Potter, #1)",Beatrix Potter,4.23,1902,https://www.goodreads.com/book/show/19321.The_Tale_of_Peter_Rabbit
children,"Prince Caspian (Chronicles of Narnia, #2)",C.S. Lewis,3.98,1951,https://www.goodreads.com/book/show/121749.Prince_Caspian
children,"One Fish, Two Fish, Red Fish, Blue Fish",Dr. Seuss,4.18,1960,https://www.goodreads.com/book/show/7770.One_Fish_Two_Fish_Red_Fish_Blue_Fish
children,"The Lightning Thief (Percy Jackson and the Olympians, #1)",Rick Riordan,4.31,2005,https://www.goodreads.com/book/show/123675190-the-lightning-thief
children,"The Horse and His Boy (Chronicles of Narnia, #5)",C.S. Lewis,3.91,1954,https://www.goodreads.com/book/show/84119.The_Horse_and_His_Boy
children,Bridge to Terabithia,Katherine Paterson,4.06,1977,https://www.goodreads.com/book/show/40940121-bridge-to-terabithia
children,A Little Princess,Frances Hodgson Burnett,4.23,1905,https://www.goodreads.com/book/show/3008.A_Little_Princess
children,"The Voyage of the Dawn Treader (Chronicles of Narnia, #3)",C.S. Lewis,4.09,1952,https://www.goodreads.com/book/show/140225.The_Voyage_of_the_Dawn_Treader
children,"Little House in the Big Woods (Little House, #1)",Laura Ingalls Wilder,4.21,1932,https://www.goodreads.com/book/show/8337.Little_House_in_the_Big_Woods
children,If You Give a Mouse a Cookie (If You Give...),Laura Joffe Numeroff,4.29,1985,https://www.goodreads.com/book/show/767680.If_You_Give_a_Mouse_a_Cookie
children,The Phantom Tollbooth,Norton Juster,4.2,1961,https://www.goodreads.com/book/show/378.The_Phantom_Tollbooth
children,A Light in the Attic,Shel Silverstein,4.36,1981,https://www.goodreads.com/book/show/30118.A_Light_in_the_Attic
fantasy,"The Hobbit, or There and Back Again",J.R.R. Tolkien,4.3,1937,https://www.goodreads.com/book/show/5907.The_Hobbit_or_There_and_Back_Again
fantasy,"A Game of Thrones (A Song of Ice and Fire, #1)",George R.R. Martin,4.45,1996,https://www.goodreads.com/book/show/13496.A_Game_of_Thrones
fantasy,"The Fellowship of the Ring (The Lord of the Rings, #1)",J.R.R. Tolkien,4.4,1954,https://www.goodreads.com/book/show/61215351-the-fellowship-of-the-ring
fantasy,"A Court of Thorns and Roses (A Court of Thorns and Roses, #1)",Sarah J. Maas,4.16,2015,https://www.goodreads.com/book/show/50659467-a-court-of-thorns-and-roses
fantasy,"Fourth Wing (The Empyrean, #1)",Rebecca Yarros,4.57,2023,https://www.goodreads.com/book/show/61431922-fourth-wing
fantasy,"Throne of Glass (Throne of Glass, #1)",Sarah J. Maas,4.18,2012,https://www.goodreads.com/book/show/76703559-throne-of-glass
fantasy,"Mistborn: The Final Empire (Mistborn, #1)",Brandon Sanderson,4.49,2006,https://www.goodreads.com/book/show/68428.Mistborn
fantasy,"Six of Crows (Six of Crows, #1)",Leigh Bardugo,4.46,2015,https://www.goodreads.com/book/show/23437156-six-of-crows
fantasy,"A Court of Mist and Fury (A Court of Thorns and Roses, #2)",Sarah J. Maas,4.64,2016,https://www.goodreads.com/book/show/50659468-a-court-of-mist-and-fury
fantasy,"The Two Towers (The Lord of the Rings, #2)",J.R.R. Tolkien,4.5,1954,https://www.goodreads.com/book/show/61215372-the-two-towers
fantasy,"The Name of the Wind (The Kingkiller Chronicle, #1)",Patrick Rothfuss,4.52,2007,https://www.goodreads.com/book/show/186074.The_Name_of_the_Wind
fantasy,"A Clash of Kings  (A Song of Ice and Fire, #2)",George R.R. Martin,4.42,1998,https://www.goodreads.com/book/show/10572.A_Clash_of_Kings
fantasy,"The Return of the King (The Lord of the Rings, #3)",J.R.R. Tolkien,4.58,1955,https://www.goodreads.com/book/show/61215384-the-return-of-the-king
fantasy,"The Cruel Prince (The Folk of the Air, #1)",Holly Black,4.01,2018,https://www.goodreads.com/book/show/26032825-the-cruel-prince
fantasy,"Shadow and Bone (Shadow and Bone, #1)",Leigh Bardugo,3.92,2012,https://www.goodreads.com/book/show/37834723-shadow-and-bone
fantasy,"A Court of Wings and Ruin (A Court of Thorns and Roses, #3)",Sarah J. Maas,4.46,2017,https://www.goodreads.com/book/show/50659472-a-court-of-wings-and-ruin
fantasy,"A Storm of Swords (A Song of Ice and Fire, #3)",George R.R. Martin,4.55,2000,https://www.goodreads.com/book/show/62291.A_Storm_of_Swords
fantasy,"A Feast for Crows (A Song of Ice and Fire, #4)",George R.R. Martin,4.17,2005,https://www.goodreads.com/book/show/13497.A_Feast_for_Crows
fantasy,Eragon (The Inheritance Cycle #1),Christopher Paolini,3.96,2002,https://www.goodreads.com/book/show/113436.Eragon
fantasy,"The Golden Compass (His Dark Materials, #1)",Philip Pullman,4.03,1995,https://www.goodreads.com/book/show/119322.The_Golden_Compass
fantasy,"A Dance with Dragons (A Song of Ice and Fire, #5)",George R.R. Martin,4.34,2011,https://www.goodreads.com/book/show/10664113-a-dance-with-dragons
fantasy,"Crown of Midnight (Throne of Glass, #2)",Sarah J. Maas,4.36,2013,https://www.goodreads.com/book/show/76705490-crown-of-midnight
fantasy,The Night Circus,Erin Morgenstern,4.0,2011,https://www.goodreads.com/book/show/9361589-the-night-circus
fantasy,"The Way of Kings (The Stormlight Archive, #1)",Brandon Sanderson,4.66,2010,https://www.goodreads.com/book/show/7235533-the-way-of-kings
fantasy,"City of Bones (The Mortal Instruments, #1)",Cassandra Clare,4.07,2007,https://www.goodreads.com/book/show/256683.City_of_Bones
fantasy,"The Eye of the World (The Wheel of Time, #1)",Robert Jordan,4.19,1990,https://www.goodreads.com/book/show/228665.The_Eye_of_the_World
fantasy,"American Gods: Tenth Anniversary (American Gods, #1)",Neil Gaiman,4.1,2001,https://www.goodreads.com/book/show/30165203-american-gods
fantasy,"Twilight (The Twilight Saga, #1)",Stephenie Meyer,3.67,2005,https://www.goodreads.com/book/show/41865.Twilight
fantasy,"Crooked Kingdom (Six of Crows, #2)",Leigh Bardugo,4.57,2016,https://www.goodreads.com/book/show/22299763-crooked-kingdom
fantasy,"A Darker Shade of Magic (Shades of Magic, #1)",V.E. Schwab,4.04,2015,https://www.goodreads.com/book/show/22055262-a-darker-shade-of-magic
fantasy,"Heir of Fire (Throne of Glass, #3)",Sarah J. Maas,4.45,2014,https://www.goodreads.com/book/show/76706470-heir-of-fire
fantasy,"A Court of Frost and Starlight (A Court of Thorns and Roses, #3.5)",Sarah J. Maas,3.72,2019,https://www.goodreads.com/book/show/50659471-a-court-of-frost-and-starlight
fantasy,"Iron Flame (The Empyrean, #2)",Rebecca Yarros,4.36,2023,https://www.goodreads.com/book/show/90202302-iron-flame
fantasy,"A ​Court of Silver Flames (A Court of Thorns and Roses, #4)",Sarah J. Maas,4.45,2021,https://www.goodreads.com/book/show/53138095-a-court-of-silver-flames
fantasy,"The Well of Ascension (Mistborn, #2)",Brandon Sanderson,4.38,2007,https://www.goodreads.com/book/show/68429.The_Well_of_Ascension
fantasy,"Assassin's Apprentice (Farseer Trilogy, #1)",Robin Hobb,4.19,1995,https://www.goodreads.com/book/show/77197.Assassin_s_Apprentice
fantasy,"Good Omens: The Nice and Accurate Prophecies of Agnes Nutter, Witch",Terry Pratchett,4.25,1990,https://www.goodreads.com/book/show/12067.Good_Omens
fantasy,"The Sea of Monsters (Percy Jackson and the Olympians, #2)",Rick Riordan,4.24,2006,https://www.goodreads.com/book/show/40727118-the-sea-of-monsters
fantasy,"The Wicked King (The Folk of the Air, #2)",Holly Black,4.27,2019,https://www.goodreads.com/book/show/26032887-the-wicked-king
fantasy,"The Poppy War (The Poppy War, #1)",R.F. Kuang,4.17,2018,https://www.goodreads.com/book/show/35068705-the-poppy-war
fantasy,The Invisible Life of Addie LaRue,V.E. Schwab,4.17,2020,https://www.goodreads.com/book/show/50623864-the-invisible-life-of-addie-larue
romance,The Love Hypothesis,Ali Hazelwood,4.1,2021,https://www.goodreads.com/book/show/56732449-the-love-hypothesis
romance,Beach Read,Emily Henry,3.97,2020,https://www.goodreads.com/book/show/52867387-beach-read
romance,Book Lovers,Emily Henry,4.1,2022,https://www.goodreads.com/book/show/58690308-book-lovers
romance,Pride and Prejudice,Jane Austen,4.29,1813,https://www.goodreads.com/book/show/129915654-pride-and-prejudice
romance,"It Ends with Us (It Ends with Us, #1)",Colleen Hoover,4.09,2016,https://www.goodreads.com/book/show/62627512-it-ends-with-us
romance,"Red, White & Royal Blue",Casey McQuiston,4.05,2019,https://www.goodreads.com/book/show/41150487-red-white-royal-blue
romance,People We Meet on Vacation,Emily Henry,3.84,2021,https://www.goodreads.com/book/show/54985743-people-we-meet-on-vacation
romance,The Fault in Our Stars,John Green,4.12,2012,https://www.goodreads.com/book/show/25856606-the-fault-in-our-stars
romance,The Hating Game,Sally  Thorne,3.86,2016,https://www.goodreads.com/book/show/27213238-the-hating-game
romance,"The Unhoneymooners (Unhoneymooners, #1)",Christina Lauren,3.9,2019,https://www.goodreads.com/book/show/42201431-the-unhoneymooners
romance,Happy Place,Emily Henry,3.95,2023,https://www.goodreads.com/book/show/61718053-happy-place
romance,"The Kiss Quotient (The Kiss Quotient, #1)",Helen  Hoang,3.87,2018,https://www.goodreads.com/book/show/36199084-the-kiss-quotient
romance,The Seven Husbands of Evelyn Hugo,Taylor Jenkins Reid,4.4,2017,https://www.goodreads.com/book/show/32620332-the-seven-husbands-of-evelyn-hugo
romance,Funny Story,Emily Henry,4.19,2024,https://www.goodreads.com/book/show/194802722-funny-story
romance,"Twisted Love (Twisted, #1)",Ana Huang,3.71,2021,https://www.goodreads.com/book/show/62057697-twisted-love
romance,Ugly Love,Colleen Hoover,4.0,2014,https://www.goodreads.com/book/show/17788401-ugly-love
romance,"The Spanish Love Deception (Love Deception, #1)",Elena  Armas,3.8,2021,https://www.goodreads.com/book/show/54189398-the-spanish-love-deception
romance,"Icebreaker (UCMH, #1)",Hannah  Grace,3.75,2022,https://www.goodreads.com/book/show/61767292-icebreaker
romance,"The Deal (Off-Campus, #1)",Elle Kennedy,4.21,2015,https://www.goodreads.com/book/show/45484397-the-deal
romance,"Love, Theoretically",Ali Hazelwood,4.08,2023,https://www.goodreads.com/book/show/61326735-love-theoretically
romance,"The Duke and I (Bridgertons, #1)",Julia Quinn,3.8,2000,https://www.goodreads.com/book/show/110391.The_Duke_and_I
romance,Love on the Brain,Ali Hazelwood,3.9,2022,https://www.goodreads.com/book/show/59571699-love-on-the-brain
romance,"Me Before You (Me Before You, #1)",Jojo Moyes,4.26,2012,https://www.goodreads.com/book/show/17347634-me-before-you
romance,"The Selection (The Selection, #1)",Kiera Cass,4.07,2012,https://www.goodreads.com/book/show/10507293-the-selection
romance,"It Happened One Summer (Bellinger Sisters, #1)",Tessa Bailey,3.9,2021,https://www.goodreads.com/book/show/55659629-it-happened-one-summer
romance,"Better Than the Movies (Better Than the Movies, #1)",Lynn Painter,4.26,2021,https://www.goodreads.com/book/show/55710822-better-than-the-movies
romance,"Fifty Shades of Grey (Fifty Shades, #1)",E.L. James,3.67,2011,https://www.goodreads.com/book/show/10818853-fifty-shades-of-grey
romance,"New Moon (The Twilight Saga, #2)",Stephenie Meyer,3.62,2006,https://www.goodreads.com/book/show/49041.New_Moon
romance,Love and Other Words,Christina Lauren,4.22,2018,https://www.goodreads.com/book/show/36206591-love-and-other-words
romance,The Song of Achilles,Madeline Miller,4.31,2011,https://www.goodreads.com/book/show/13623848-the-song-of-achilles
romance,"Eclipse (The Twilight Saga, #3)",Stephenie Meyer,3.74,2007,https://www.goodreads.com/book/show/428263.Eclipse
romance,Eleanor & Park,Rainbow Rowell,3.93,2012,https://www.goodreads.com/book/show/15745753-eleanor-park
romance,"Outlander (Outlander, #1)",Diana Gabaldon,4.26,1991,https://www.goodreads.com/book/show/10964.Outlander
romance,"Breaking Dawn (The Twilight Saga, #4)",Stephenie Meyer,3.76,2008,https://www.goodreads.com/book/show/1162543.Breaking_Dawn
romance,"Part of Your World (Part of Your World, #1)",Abby Jimenez,4.26,2022,https://www.goodreads.com/book/show/58684524-part-of-your-world
romance,"To All the Boys I've Loved Before (To All the Boys I've Loved Before, #1)",Jenny Han,4.04,2014,https://www.goodreads.com/book/show/15749186-to-all-the-boys-i-ve-loved-before
romance,"Get a Life, Chloe Brown (The Brown Sisters, #1)",Talia Hibbert,3.79,2019,https://www.goodreads.com/book/show/43884209-get-a-life-chloe-brown
romance,"The Notebook (The Notebook, #1)",Nicholas Sparks,4.16,1996,https://www.goodreads.com/book/show/33648131-the-notebook
romance,Jane Eyre,Charlotte Brontë,4.16,1847,https://www.goodreads.com/book/show/10210.Jane_Eyre
romance,"Just for the Summer (Part of Your World, #3)",Abby Jimenez,4.35,2024,https://www.goodreads.com/book/show/195820807-just-for-the-summer
romance,"The Viscount Who Loved Me (Bridgertons, #2)",Julia Quinn,3.99,2000,https://www.goodreads.com/book/show/861326.The_Viscount_Who_Loved_Me
romance,"Heartstopper: Volume One (Heartstopper, #1)",Alice Oseman,4.42,2018,https://www.goodreads.com/book/show/40495957-heartstopper
romance,"Twisted Games (Twisted, #2)",Ana Huang,4.08,2021,https://www.goodreads.com/book/show/62056013-twisted-games
romance,The Flatshare,Beth O'Leary,3.98,2019,https://www.goodreads.com/book/show/36478784-the-flatshare
romance,"The Fine Print (Dreamland Billionaires, #1)",Lauren Asher,3.81,2021,https://www.goodreads.com/book/show/74045390-the-fine-print
fiction,1984,George Orwell,4.2,1949,https://www.goodreads.com/book/show/61439040-1984
fiction,To Kill a Mockingbird,Harper Lee,4.26,1960,https://www.goodreads.com/book/show/56916837-to-kill-a-mockingbird
fiction,The Great Gatsby,F. Scott Fitzgerald,3.93,1925,https://www.goodreads.com/book/show/41733839-the-great-gatsby
fiction,Animal Farm,George Orwell,4.01,1945,https://www.goodreads.com/book/show/170448.Animal_Farm
fiction,The Catcher in the Rye,J.D. Salinger,3.8,1951,https://www.goodreads.com/book/show/5107.The_Catcher_in_the_Rye
fiction,"The Hunger Games (The Hunger Games, #1)",Suzanne Collins,4.35,2008,https://www.goodreads.com/book/show/2767052-the-hunger-games
fiction,The Alchemist,Paulo Coelho,3.92,1988,https://www.goodreads.com/book/show/18144590-the-alchemist
fiction,The Handmaid's Tale: The Seminal Work of Dystopian Feminist Fiction,Margaret Atwood,4.15,1985,https://www.goodreads.com/book/show/34454589-the-handmaid-s-tale
fiction,The Kite Runner,Khaled Hosseini,4.35,2003,https://www.goodreads.com/book/show/17165596-the-kite-runner
fiction,Fahrenheit 451,Ray Bradbury,3.97,1953,https://www.goodreads.com/book/show/13079982-fahrenheit-451
fiction,Lord of the Flies,William Golding,3.7,1954,https://www.goodreads.com/book/show/7624.Lord_of_the_Flies
fiction,"The Da Vinci Code (Robert Langdon, #2)",Dan    Brown,3.93,2003,https://www.goodreads.com/book/show/55019161-the-da-vinci-code
fiction,Brave New World,Aldous Huxley,3.99,1932,https://www.goodreads.com/book/show/5129.Brave_New_World
fiction,The Book Thief,Markus Zusak,4.39,2005,https://www.goodreads.com/book/show/19063.The_Book_Thief
fiction,The Midnight Library,Matt Haig,3.98,2020,https://www.goodreads.com/book/show/52578297-the-midnight-library
fiction,Of Mice and Men,John Steinbeck,3.89,1937,https://www.goodreads.com/book/show/890.Of_Mice_and_Men
fiction,"Catching Fire (The Hunger Games, #2)",Suzanne Collins,4.35,2009,https://www.goodreads.com/book/show/6148028-catching-fire
fiction,Where the Crawdads Sing,Delia Owens,4.37,2018,https://www.goodreads.com/book/show/36809135-where-the-crawdads-sing
fiction,Slaughterhouse-Five,Kurt Vonnegut Jr.,4.1,1969,https://www.goodreads.com/book/show/4981.Slaughterhouse_Five
fiction,"The Girl With the Dragon Tattoo (Millennium, #1)",Stieg Larsson,4.17,2005,https://www.goodreads.com/book/show/2429135.The_Girl_With_the_Dragon_Tattoo
fiction,"Mockingjay (The Hunger Games, #3)",Suzanne Collins,4.12,2010,https://www.goodreads.com/book/show/7260188-mockingjay
fiction,Life of Pi,Yann Martel,3.94,2001,https://www.goodreads.com/book/show/4214.Life_of_Pi
fiction,The Picture of Dorian Gray,Oscar Wilde,4.13,1890,https://www.goodreads.com/book/show/489732.The_Picture_of_Dorian_Gray
fiction,The Curious Incident of the Dog in the Night-Time,Mark Haddon,3.89,2003,https://www.goodreads.com/book/show/1618.The_Curious_Incident_of_the_Dog_in_the_Night_Time
fiction,All the Light We Cannot See,Anthony Doerr,4.31,2014,https://www.goodreads.com/book/show/18143977-all-the-light-we-cannot-see
fiction,Gone Girl,Gillian Flynn,4.14,2012,https://www.goodreads.com/book/show/19288043-gone-girl
fiction,Frankenstein: The 1818 Text,Mary Wollstonecraft Shelley,3.9,1818,https://www.goodreads.com/book/show/35031085-frankenstein
fiction,The Help,Kathryn Stockett,4.47,2009,https://www.goodreads.com/book/show/4667024-the-help
fiction,One Hundred Years of Solitude,Gabriel García Márquez,4.12,1967,https://www.goodreads.com/book/show/320.One_Hundred_Years_of_Solitude
fiction,"The Hitchhiker’s Guide to the Galaxy (Hitchhiker's Guide to the Galaxy, #1)",Douglas Adams,4.22,1979,https://www.goodreads.com/book/show/11.The_Hitchhiker_s_Guide_to_the_Galaxy
fiction,"Angels & Demons (Robert Langdon, #1)",Dan    Brown,3.95,2000,https://www.goodreads.com/book/show/960.Angels_Demons
fiction,The Stranger,Albert Camus,4.03,1942,https://www.goodreads.com/book/show/49552.The_Stranger
fiction,The Road,Cormac McCarthy,4.0,2006,https://www.goodreads.com/book/show/6288.The_Road
fiction,Dune (Dune #1),Frank Herbert,4.29,1965,https://www.goodreads.com/book/show/44767458-dune
fiction,A Man Called Ove,Fredrik Backman,4.38,2012,https://www.goodreads.com/book/show/18774964-a-man-called-ove
fiction,Wuthering Heights,Emily Brontë,3.9,1847,https://www.goodreads.com/book/show/32929156-wuthering-heights
fiction,Crime and Punishment,Fyodor Dostoevsky,4.28,1866,https://www.goodreads.com/book/show/7144.Crime_and_Punishment
non-fiction,Sapiens: A Brief History of Humankind,Yuval Noah Harari,4.34,2011,https://www.goodreads.com/book/show/23692271-sapiens
non-fiction,The Diary of a Young Girl,Anne Frank,4.2,1947,https://www.goodreads.com/book/show/127441416-the-diary-of-a-young-girl
non-fiction,Educated,Tara Westover,4.47,2018,https://www.goodreads.com/book/show/35133922-educated
non-fiction,Quiet: The Power of Introverts in a World That Can't Stop Talking,Susan Cain,4.08,2012,https://www.goodreads.com/book/show/8520610-quiet
non-fiction,Atomic Habits: An Easy & Proven Way to Build Good Habits & Break Bad Ones,James Clear,4.33,2018,https://www.goodreads.com/book/show/40121378-atomic-habits
non-fiction,The Immortal Life of Henrietta Lacks,Rebecca Skloot,4.13,2010,https://www.goodreads.com/book/show/6493208-the-immortal-life-of-henrietta-lacks
non-fiction,I’m Glad My Mom Died,Jennette McCurdy,4.44,2022,https://www.goodreads.com/book/show/59366244-i-m-glad-my-mom-died
non-fiction,Freakonomics: A Rogue Economist Explores the Hidden Side of Everything,Steven D. Levitt,4.01,2005,https://www.goodreads.com/book/show/1202.Freakonomics
non-fiction,Outliers: The Story of Success,Malcolm Gladwell,4.19,2008,https://www.goodreads.com/book/show/3228917-outliers
non-fiction,Becoming,Michelle Obama,4.44,2018,https://www.goodreads.com/book/show/38746485-becoming
non-fiction,"The Devil in the White City: Murder, Magic, and Madness at the Fair That Changed America",Erik Larson,4.0,2003,https://www.goodreads.com/book/show/397483.The_Devil_in_the_White_City
non-fiction,The Subtle Art of Not Giving a F*ck: A Counterintuitive Approach to Living a Good Life,Mark Manson,3.87,2016,https://www.goodreads.com/book/show/28257707-the-subtle-art-of-not-giving-a-f-ck
non-fiction,A Short History of Nearly Everything,Bill Bryson,4.22,2003,https://www.goodreads.com/book/show/21.A_Short_History_of_Nearly_Everything
non-fiction,Man's Search for Meaning,Viktor E. Frankl,4.37,1946,https://www.goodreads.com/book/show/4069.Man_s_Search_for_Meaning
non-fiction,We Should All Be Feminists,Chimamanda Ngozi Adichie,4.39,2012,https://www.goodreads.com/book/show/22738563-we-should-all-be-feminists
non-fiction,Born a Crime: Stories From a South African Childhood,Trevor Noah,4.49,2016,https://www.goodreads.com/book/show/29780253-born-a-crime
non-fiction,"Thinking, Fast and Slow",Daniel Kahneman,4.17,2011,https://www.goodreads.com/book/show/11468377-thinking-fast-and-slow
non-fiction,Into the Wild,Jon Krakauer,4.02,1996,https://www.goodreads.com/book/show/60869516-into-the-wild
non-fiction,Night,Elie Wiesel,4.38,1956,https://www.goodreads.com/book/show/1617.Night
non-fiction,When Breath Becomes Air,Paul Kalanithi,4.41,2016,https://www.goodreads.com/book/show/25899336-when-breath-becomes-air
non-fiction,"Guns, Germs, and Steel: The Fates of Human Societies",Jared Diamond,4.04,1997,https://www.goodreads.com/book/show/1842.Guns_Germs_and_Steel
non-fiction,In Cold Blood,Truman Capote,4.09,1966,https://www.goodreads.com/book/show/168642.In_Cold_Blood
non-fiction,Between the World and Me,Ta-Nehisi Coates,4.4,2015,https://www.goodreads.com/book/show/25489625-between-the-world-and-me
non-fiction,The Tipping Point: How Little Things Can Make a Big Difference,Malcolm Gladwell,4.01,2000,https://www.goodreads.com/book/show/2612.The_Tipping_Point
non-fiction,Invisible Women: Data Bias in a World Designed for Men,Caroline Criado Pérez,4.34,2019,https://www.goodreads.com/book/show/41104077-invisible-women
non-fiction,Blink: The Power of Thinking Without Thinking,Malcolm Gladwell,3.96,2005,https://www.goodreads.com/book/show/40102.Blink
non-fiction,Killers of the Flower Moon: The Osage Murders and the Birth of the FBI,David Grann,4.14,2017,https://www.goodreads.com/book/show/193388249-killers-of-the-flower-moon
non-fiction,Into Thin Air: A Personal Account of the Mt. Everest Disaster,Jon Krakauer,4.26,1997,https://www.goodreads.com/book/show/1898.Into_Thin_Air
non-fiction,Stiff: The Curious Lives of Human Cadavers,Mary Roach,4.06,2003,https://www.goodreads.com/book/show/56769575-stiff
non-fiction,A Brief History of Time,Stephen Hawking,4.21,1988,https://www.goodreads.com/book/show/3869.A_Brief_History_of_Time
non-fiction,The Glass Castle,Jeannette Walls,4.33,2005,https://www.goodreads.com/book/show/7445.The_Glass_Castle
non-fiction,On Writing: A Memoir of the Craft,Stephen        King,4.34,2000,https://www.goodreads.com/book/show/10569.On_Writing
non-fiction,Bossypants,Tina Fey,3.96,2011,https://www.goodreads.com/book/show/9418327-bossypants
non-fiction,The Life-Changing Magic of Tidying Up: The Japanese Art of Decluttering and Organizing,Marie Kondō,3.88,2010,https://www.goodreads.com/book/show/22318578-the-life-changing-magic-of-tidying-up
non-fiction,"Unbroken: A World War II Story of Survival, Resilience and Redemption",Laura Hillenbrand,4.39,2010,https://www.goodreads.com/book/show/8664353-unbroken
non-fiction,Wild: From Lost to Found on the Pacific Crest Trail,Cheryl Strayed,4.07,2012,https://www.goodreads.com/book/show/12262741-wild
non-fiction,The Power of Habit: Why We Do What We Do in Life and Business,Charles Duhigg,4.13,2012,https://www.goodreads.com/book/show/12609433-the-power-of-habit
non-fiction,I'll Be Gone in the Dark: One Woman's Obsessive Search for the Golden State Killer,Michelle McNamara,4.11,2018,https://www.goodreads.com/book/show/35068432-i-ll-be-gone-in-the-dark
non-fiction,Crying in H Mart,Michelle Zauner,4.24,2021,https://www.goodreads.com/book/show/54814676-crying-in-h-mart
non-fiction,I Am Malala: The Story of the Girl Who Stood Up for Education and Was Shot by the Taliban,Malala Yousafzai,4.16,2012,https://www.goodreads.com/book/show/17851885-i-am-malala
non-fiction,How to Win Friends & Influence People,Dale Carnegie,4.22,1936,https://www.goodreads.com/book/show/4865.How_to_Win_Friends_Influence_People
non-fiction,The Art of War,Sun Tzu,3.95,,https://www.goodreads.com/book/show/10534.The_Art_of_War
non-fiction,A Walk in the Woods: Rediscovering America on the Appalachian Trail,Bill Bryson,4.07,1998,https://www.goodreads.com/book/show/9791.A_Walk_in_the_Woods
non-fiction,Homo Deus: A History of Tomorrow,Yuval Noah Harari,4.19,2015,https://www.goodreads.com/book/show/31138556-homo-deus
non-fiction,The Man Who Mistook His Wife for a Hat and Other Clinical Tales,Oliver Sacks,4.05,1985,https://www.goodreads.com/book/show/63697.The_Man_Who_Mistook_His_Wife_for_a_Hat_and_Other_Clinical_Tales
non-fiction,Why We Sleep: Unlocking the Power of Sleep and Dreams,Matthew Walker,4.37,2017,https://www.goodreads.com/book/show/34466963-why-we-sleep
non-fiction,"The Body Keeps the Score: Brain, Mind, and Body in the Healing of Trauma",Bessel van der Kolk,4.36,2014,https://www.goodreads.com/book/show/18693771-the-body-keeps-the-score
non-fiction,What If?: Serious Scientific Answers to Absurd Hypothetical Questions,Randall Munroe,4.14,2014,https://www.goodreads.com/book/show/21413662-what-if
non-fiction,Hillbilly Elegy: A Memoir of a Family and Culture in Crisis,J.D. Vance,3.84,2016,https://www.goodreads.com/book/show/27161156-hillbilly-elegy
non-fiction,"Tuesdays with Morrie: An Old Man, a Young Man, and Life's Greatest Lesson",Mitch Albom,4.2,1997,https://www.goodreads.com/book/show/6900.Tuesdays_with_Morrie
history,A People’s History of the United States: 1492 - Present,Howard Zinn,4.09,1980,https://www.goodreads.com/book/show/2767.A_People_s_History_of_the_United_States
history,1776,David McCullough,4.1,2005,https://www.goodreads.com/book/show/1067.1776
history,SPQR: A History of Ancient Rome,Mary Beard,4.06,2015,https://www.goodreads.com/book/show/28789711-spqr
history,The Rise and Fall of the Third Reich: A History of Nazi Germany,William L. Shirer,4.22,1960,https://www.goodreads.com/book/show/767171.The_Rise_and_Fall_of_the_Third_Reich
history,1491: New Revelations of the Americas Before Columbus,Charles C. Mann,4.05,2005,https://www.goodreads.com/book/show/39020.1491
history,Bury My Heart at Wounded Knee: An Indian History of the American West,Dee Brown,4.26,1970,https://www.goodreads.com/book/show/76401.Bury_My_Heart_at_Wounded_Knee
history,Team of Rivals: The Political Genius of Abraham Lincoln,Doris Kearns Goodwin,4.28,2005,https://www.goodreads.com/book/show/2199.Team_of_Rivals
history,The Guns of August,Barbara W. Tuchman,4.18,1962,https://www.goodreads.com/book/show/40779082-the-guns-of-august
history,Genghis Khan and the Making of the Modern World,Jack Weatherford,4.06,2004,https://www.goodreads.com/book/show/40718726-genghis-khan-and-the-making-of-the-modern-world
history,John Adams,David McCullough,4.08,2001,https://www.goodreads.com/book/show/2203.John_Adams
history,"In the Garden of Beasts: Love, Terror, and an American Family in Hitler's Berlin",Erik Larson,3.89,2011,https://www.goodreads.com/book/show/9938498-in-the-garden-of-beasts
history,Alexander Hamilton,Ron Chernow,4.22,2004,https://www.goodreads.com/book/show/16130.Alexander_Hamilton
history,The Silk Roads: A New History of the World,Peter Frankopan,4.17,2015,https://www.goodreads.com/book/show/25812847-the-silk-roads
history,The Warmth of Other Suns: The Epic Story of America's Great Migration,Isabel Wilkerson,4.48,2010,https://www.goodreads.com/book/show/8171378-the-warmth-of-other-suns
history,"King Leopold's Ghost: A Story of Greed, Terror, and Heroism in Colonial Africa",Adam Hochschild,4.19,1998,https://www.goodreads.com/book/show/40961621-king-leopold-s-ghost
history,Dead Wake: The Last Crossing of the Lusitania,Erik Larson,4.13,2015,https://www.goodreads.com/book/show/22551730-dead-wake
history,A Distant Mirror: The Calamitous 14th Century,Barbara W. Tuchman,4.05,1978,https://www.goodreads.com/book/show/568236.A_Distant_Mirror
history,The Histories,Herodotus,4.01,,https://www.goodreads.com/book/show/1362.The_Histories
history,"The Wager: A Tale of Shipwreck, Mutiny and Murder",David Grann,4.17,2023,https://www.goodreads.com/book/show/61714633-the-wager
history,The Rape of Nanking: The Forgotten Holocaust of World War II,Iris Chang,4.25,1997,https://www.goodreads.com/book/show/95784.The_Rape_of_Nanking
history,Lies My Teacher Told Me: Everything Your American History Textbook Got Wrong,James W. Loewen,3.97,1995,https://www.goodreads.com/book/show/296662.Lies_My_Teacher_Told_Me
history,Say Nothing: A True Story of Murder and Memory in Northern Ireland,Patrick Radden Keefe,4.47,2018,https://www.goodreads.com/book/show/40163119-say-nothing
history,"The Splendid and the Vile: A Saga of Churchill, Family, and Defiance During the Blitz",Erik Larson,4.3,2020,https://www.goodreads.com/book/show/51187948-the-splendid-and-the-vile
history,Salt: A World History,Mark Kurlansky,3.75,2002,https://www.goodreads.com/book/show/2715.Salt
history,"The Professor and the Madman: A Tale of Murder, Insanity and the Making of the Oxford English Dictionary",Simon Winchester,3.84,1998,https://www.goodreads.com/book/show/25019.The_Professor_and_the_Madman
history,The Radium Girls: The Dark Story of America’s Shining Women,Kate  Moore,4.16,2016,https://www.goodreads.com/book/show/31409135-the-radium-girls
history,Endurance: Shackleton's Incredible Voyage,Alfred Lansing,4.46,1959,https://www.goodreads.com/book/show/139069.Endurance
history,History of the Peloponnesian War,Thucydides,3.94,,https://www.goodreads.com/book/show/261243.History_of_the_Peloponnesian_War
history,"Band of Brothers: E Company, 506th Regiment, 101st Airborne from Normandy to Hitler's Eagle's Nest",Stephen E. Ambrose,4.44,1992,https://www.goodreads.com/book/show/42389.Band_of_Brothers
history,Hiroshima,John Hersey,4.05,1946,https://www.goodreads.com/book/show/27323.Hiroshima
history,Collapse: How Societies Choose to Fail or Succeed,Jared Diamond,3.94,2004,https://www.goodreads.com/book/show/475.Collapse
history,Caste: The Origins of Our Discontents,Isabel Wilkerson,4.53,2020,https://www.goodreads.com/book/show/51152447-caste
history,"Destiny of the Republic: A Tale of Madness, Medicine and the Murder of a President",Candice Millard,4.23,2011,https://www.goodreads.com/book/show/10335318-destiny-of-the-republic
history,Rubicon: The Last Years of the Roman Republic,Tom Holland,4.23,2003,https://www.goodreads.com/book/show/91017.Rubicon
history,In the Heart of the Sea: The Tragedy of the Whaleship Essex,Nathaniel Philbrick,4.17,2000,https://www.goodreads.com/book/show/17780.In_the_Heart_of_the_Sea
history,The Boys in the Boat: Nine Americans and Their Epic Quest for Gold at the 1936 Berlin Olympics,Daniel James Brown,4.39,2013,https://www.goodreads.com/book/show/16158542-the-boys-in-the-boat
history,On Tyranny: Twenty Lessons from the Twentieth Century,Timothy Snyder,4.28,2017,https://www.goodreads.com/book/show/33917107-on-tyranny
history,Longitude: The True Story of a Lone Genius Who Solved the Greatest Scientific Problem of His Time,Dava Sobel,3.99,1995,https://www.goodreads.com/book/show/4806.Longitude
biography,Steve Jobs,Walter Isaacson,4.16,2011,https://www.goodreads.com/book/show/11084145-steve-jobs
biography,"Elon Musk: Tesla, SpaceX, and the Quest for a Fantastic Future",Ashlee Vance,4.13,2015,https://www.goodreads.com/book/show/25541028-elon-musk
biography,Einstein: His Life and Universe,Walter Isaacson,4.17,2007,https://www.goodreads.com/book/show/10884.Einstein
biography,Leonardo da Vinci,Walter Isaacson,4.18,2017,https://www.goodreads.com/book/show/34684622-leonardo-da-vinci
biography,The Autobiography of Malcolm X,Malcolm X,4.37,1965,https://www.goodreads.com/book/show/92057.The_Autobiography_of_Malcolm_X
biography,Benjamin Franklin: An American Life,Walter Isaacson,4.05,2003,https://www.goodreads.com/book/show/10883.Benjamin_Franklin
biography,"""Surely You're Joking, Mr. Feynman!"": Adventures of a Curious Character",Richard P. Feynman,,,https://www.goodreads.com/book/show/35167685-surely-you-re-joking-mr-feynman
biography,Shoe Dog: A Memoir by the Creator of Nike,Phil Knight,4.46,2016,https://www.goodreads.com/book/show/27220736-shoe-dog
biography,A Promised Land,Barack Obama,4.32,2020,https://www.goodreads.com/book/show/55361205-a-promised-land
biography,"I Know Why the Caged Bird Sings (Maya Angelou's Autobiography, #1)",Maya Angelou,4.3,1969,https://www.goodreads.com/book/show/13214.I_Know_Why_the_Caged_Bird_Sings
biography,Washington: A Life,Ron Chernow,4.17,2010,https://www.goodreads.com/book/show/8255917-washington
biography,Cleopatra: A Life,Stacy Schiff,3.73,2010,https://www.goodreads.com/book/show/7968243-cleopatra
biography,The Autobiography of Benjamin Franklin,Benjamin Franklin,3.85,1791,https://www.goodreads.com/book/show/52309.The_Autobiography_of_Benjamin_Franklin
biography,"Bonhoeffer: Pastor, Martyr, Prophet, Spy",Eric Metaxas,4.22,2010,https://www.goodreads.com/book/show/7501962-bonhoeffer
biography,"The Rise of Theodore Roosevelt (Theodore Roosevelt, #1)",Edmund  Morris,4.22,1979,https://www.goodreads.com/book/show/40929.The_Rise_of_Theodore_Roosevelt
biography,American Prometheus: The Triumph and Tragedy of J. Robert Oppenheimer,Kai Bird,4.31,2005,https://www.goodreads.com/book/show/80571.American_Prometheus
biography,"Titan: The Life of John D. Rockefeller, Sr.",Ron Chernow,4.15,1998,https://www.goodreads.com/book/show/16121.Titan
biography,Catherine the Great: Portrait of a Woman,Robert K. Massie,3.94,2011,https://www.goodreads.com/book/show/10414941-catherine-the-great
biography,Truman,David McCullough,4.17,1992,https://www.goodreads.com/book/show/2279.Truman
biography,Long Walk to Freedom,Nelson Mandela,4.36,1994,https://www.goodreads.com/book/show/318431.Long_Walk_to_Freedom
biography,The Hiding Place: The Triumphant True Story of Corrie Ten Boom,Corrie ten Boom,4.48,1971,https://www.goodreads.com/book/show/561909.The_Hiding_Place
biography,Greenlights,Matthew McConaughey,4.2,2020,https://www.goodreads.com/book/show/52838315-greenlights
biography,"Angela’s Ashes (Frank McCourt, #1)",Frank McCourt,4.15,1996,https://www.goodreads.com/book/show/252577.Angela_s_Ashes
biography,Yes Please,Amy Poehler,3.85,2014,https://www.goodreads.com/book/show/20910157-yes-please
biography,The Wright Brothers,David McCullough,4.17,2015,https://www.goodreads.com/book/show/22609391-the-wright-brothers
biography,Grant,Ron Chernow,4.5,2017,https://www.goodreads.com/book/show/34237826-grant
biography,Elon Musk,Walter Isaacson,4.33,2023,https://www.goodreads.com/book/show/122765395-elon-musk
biography,Dreams from My Father: A Story of Race and Inheritance,Barack Obama,3.94,1995,https://www.goodreads.com/book/show/88061.Dreams_from_My_Father
biography,Narrative of the Life of Frederick Douglass,Frederick Douglass,4.13,1845,https://www.goodreads.com/book/show/36529.Narrative_of_the_Life_of_Frederick_Douglass
biography,Spare,Prince Harry,3.84,2023,https://www.goodreads.com/book/show/62296528-spare
science,The Selfish Gene,Richard Dawkins,4.16,1976,https://www.goodreads.com/book/show/61535.The_Selfish_Gene
science,Astrophysics for People in a Hurry,Neil deGrasse Tyson,4.08,2017,https://www.goodreads.com/book/show/32191710-astrophysics-for-people-in-a-hurry
science,Cosmos,Carl Sagan,4.4,1980,https://www.goodreads.com/book/show/55030.Cosmos
science,The Origin of Species,Charles Darwin,4.01,1859,https://www.goodreads.com/book/show/22463.The_Origin_of_Species
science,"The Elegant Universe: Superstrings, Hidden Dimensions, and the Quest for the Ultimate Theory",Brian Greene,4.1,1999,https://www.goodreads.com/book/show/8049273-the-elegant-universe
science,The Demon-Haunted World: Science as a Candle in the Dark,Carl Sagan,4.29,1995,https://www.goodreads.com/book/show/17349.The_Demon_Haunted_World
science,The Gene: An Intimate History,Siddhartha Mukherjee,4.35,2016,https://www.goodreads.com/book/show/27276428-the-gene
science,The Emperor of All Maladies: A Biography of Cancer,Siddhartha Mukherjee,4.34,2010,https://www.goodreads.com/book/show/7170627-the-emperor-of-all-maladies
science,The Sixth Extinction: An Unnatural History,Elizabeth Kolbert,4.15,2014,https://www.goodreads.com/book/show/17910054-the-sixth-extinction
science,"The Disappearing Spoon: And Other True Tales of Madness, Love, and the History of the World from the Periodic Table of the Elements",Sam Kean,3.92,2010,https://www.goodreads.com/book/show/7247854-the-disappearing-spoon
science,The Grand Design,Stephen Hawking,4.06,2010,https://www.goodreads.com/book/show/8520362-the-grand-design
science,Seven Brief Lessons on Physics,Carlo Rovelli,3.99,2014,https://www.goodreads.com/book/show/25734172-seven-brief-lessons-on-physics
science,The Greatest Show on Earth: The Evidence for Evolution,Richard Dawkins,4.16,2009,https://www.goodreads.com/book/show/6117055-the-greatest-show-on-earth
science,"The Fabric of the Cosmos: Space, Time, and the Texture of Reality",Brian Greene,4.13,2004,https://www.goodreads.com/book/show/22435.The_Fabric_of_the_Cosmos
science,Brief Answers to the Big Questions,Stephen Hawking,4.26,2018,https://www.goodreads.com/book/show/40277241-brief-answers-to-the-big-questions
science,The Structure of Scientific Revolutions,Thomas S. Kuhn,4.03,1962,https://www.goodreads.com/book/show/61539.The_Structure_of_Scientific_Revolutions
science,The God Delusion,Richard Dawkins,3.9,2006,https://www.goodreads.com/book/show/14743.The_God_Delusion
science,The Body: A Guide for Occupants,Bill Bryson,4.31,2019,https://www.goodreads.com/book/show/43582376-the-body
science,I Contain Multitudes: The Microbes Within Us and a Grander View of Life,Ed Yong,4.18,2016,https://www.goodreads.com/book/show/27213168-i-contain-multitudes
science,Chaos: Making a New Science,James Gleick,4.03,1987,https://www.goodreads.com/book/show/64582.Chaos
science,Packing for Mars: The Curious Science of Life in the Void,Mary Roach,3.95,2010,https://www.goodreads.com/book/show/9542311-packing-for-mars
science,"Gödel, Escher, Bach: An Eternal Golden Braid",Douglas R. Hofstadter,4.29,1979,https://www.goodreads.com/book/show/24113.G_del_Escher_Bach
science,Pale Blue Dot: A Vision of the Human Future in Space,Carl Sagan,4.34,1994,https://www.goodreads.com/book/show/61663.Pale_Blue_Dot
science,The Blind Watchmaker: Why the Evidence of Evolution Reveals a Universe Without Design,Richard Dawkins,4.09,1986,https://www.goodreads.com/book/show/117047.The_Blind_Watchmaker
science,The Universe in a Nutshell,Stephen Hawking,4.19,2001,https://www.goodreads.com/book/show/2095.The_Universe_in_a_Nutshell
science,"The Hidden Life of Trees: What They Feel, How They Communicate: Discoveries from a Secret World",Peter Wohlleben,4.07,2015,https://www.goodreads.com/book/show/28256439-the-hidden-life-of-trees
science,Behave: The Biology of Humans at Our Best and Worst,Robert M. Sapolsky,4.38,2017,https://www.goodreads.com/book/show/31170723-behave
science,"Entangled Life: How Fungi Make Our Worlds, Change Our Minds & Shape Our Futures",Merlin Sheldrake,4.33,2020,https://www.goodreads.com/book/show/52668915-entangled-life
science,Bad Science,Ben Goldacre,4.06,2008,https://www.goodreads.com/book/show/3272165-bad-science
science,The Rise and Fall of the Dinosaurs: A New History of a Lost World,Steve Brusatte,4.21,2018,https://www.goodreads.com/book/show/35820369-the-rise-and-fall-of-the-dinosaurs
science,Physics of the Impossible,Michio Kaku,4.1,2008,https://www.goodreads.com/book/show/1168341.Physics_of_the_Impossible
science,The Order of Time,Carlo Rovelli,4.13,2017,https://www.goodreads.com/book/show/36442813-the-order-of-time
science,Death by Black Hole: And Other Cosmic Quandaries,Neil deGrasse Tyson,4.1,2006,https://www.goodreads.com/book/show/20663770-death-by-black-hole
science,Genome: The Autobiography of a Species in 23 Chapters,Matt Ridley,4.06,1999,https://www.goodreads.com/book/show/4591.Genome
science,Six Easy Pieces: Essentials of Physics Explained by Its Most Brilliant Teacher,Richard P. Feynman,4.21,1994,https://www.goodreads.com/book/show/5553.Six_Easy_Pieces
science,Your Inner Fish: a Journey into the 3.5-Billion-Year History of the Human Body,Neil Shubin,4.04,2008,https://www.goodreads.com/book/show/1662160.Your_Inner_Fish
science,A Universe from Nothing: Why There Is Something Rather Than Nothing,Lawrence M. Krauss,3.94,2012,https://www.goodreads.com/book/show/11337189-a-universe-from-nothing
science,The Hot Zone: The Terrifying True Story of the Origins of the Ebola Virus,Richard   Preston,4.16,1994,https://www.goodreads.com/book/show/16213.The_Hot_Zone
humour,"The Color of Magic (Discworld, #1; Rincewind, #1)",Terry Pratchett,3.99,1983,https://www.goodreads.com/book/show/34497.The_Color_of_Magic
humour,"The Restaurant at the End of the Universe (The Hitchhiker's Guide to the Galaxy, #2)",Douglas Adams,4.2,1980,https://www.goodreads.com/book/show/8695.The_Restaurant_at_the_End_of_the_Universe
humour,"Mort (Discworld, #4; Death, #1)",Terry Pratchett,4.24,1987,https://www.goodreads.com/book/show/386372.Mort
humour,"Life, the Universe and Everything (The Hitchhiker's Guide to the Galaxy, #3)",Douglas Adams,4.16,1982,https://www.goodreads.com/book/show/8694.Life_the_Universe_and_Everything
humour,"Guards! Guards! (Discworld, #8; City Watch, #1)",Terry Pratchett,4.34,1989,https://www.goodreads.com/book/show/64216.Guards_Guards_
humour,"Equal Rites (Discworld, #3; Witches, #1)",Terry Pratchett,4.07,1987,https://www.goodreads.com/book/show/34507.Equal_Rites
humour,"So Long, and Thanks for All the Fish (The Hitchhiker's Guide to the Galaxy, #4)",Douglas Adams,4.08,1984,https://www.goodreads.com/book/show/6091075-so-long-and-thanks-for-all-the-fish
humour,"The Light Fantastic (Discworld, #2; Rincewind, #2)",Terry Pratchett,4.01,1986,https://www.goodreads.com/book/show/34506.The_Light_Fantastic
humour,Me Talk Pretty One Day,David Sedaris,4.01,2000,https://www.goodreads.com/book/show/4137.Me_Talk_Pretty_One_Day
humour,"Wyrd Sisters (Discworld, #6; Witches, #2)",Terry Pratchett,4.16,1988,https://www.goodreads.com/book/show/34504.Wyrd_Sisters
humour,Assuming Names: A Con Artist's Masquerade,Tanya Thompson,3.66,2014,https://www.goodreads.com/book/show/21449526-assuming-names
humour,"The 100-Year-Old Man Who Climbed Out the Window and Disappeared (The Hundred-Year-Old Man, #1)",Jonas Jonasson,3.82,2009,https://www.goodreads.com/book/show/36578942-the-100-year-old-man-who-climbed-out-the-window-and-disappeared
humour,"Dirk Gently's Holistic Detective Agency (Dirk Gently, #1)",Douglas Adams,3.97,1987,https://www.goodreads.com/book/show/365.Dirk_Gently_s_Holistic_Detective_Agency
humour,"Mostly Harmless (Hitchhiker's Guide to the Galaxy, #5)",Douglas Adams,3.96,1992,https://www.goodreads.com/book/show/569429.Mostly_Harmless
humour,"Three Men in a Boat (Three Men, #1)",Jerome K. Jerome,3.83,1889,https://www.goodreads.com/book/show/4921.Three_Men_in_a_Boat
humour,"Bridget Jones’s Diary (Bridget Jones, #1)",Helen Fielding,3.81,1996,https://www.goodreads.com/book/show/227443.Bridget_Jones_s_Diary
humour,"Small Gods (Discworld, #13)",Terry Pratchett,4.32,1992,https://www.goodreads.com/book/show/34484.Small_Gods
humour,"Sourcery (Discworld, #5; Rincewind, #3)",Terry Pratchett,3.91,1988,https://www.goodreads.com/book/show/34499.Sourcery
humour,"Hyperbole and a Half: Unfortunate Situations, Flawed Coping Mechanisms, Mayhem, and Other Things That Happened",Allie Brosh,4.17,2013,https://www.goodreads.com/book/show/17571564-hyperbole-and-a-half
humour,"The Rosie Project (Don Tillman, #1)",Graeme Simsion,4.01,2013,https://www.goodreads.com/book/show/16181775-the-rosie-project
humour,"Reaper Man (Discworld, #11; Death, #2)",Terry Pratchett,4.28,1991,https://www.goodreads.com/book/show/34517.Reaper_Man
humour,Catch-22,Joseph Heller,3.99,1961,https://www.goodreads.com/book/show/168668.Catch_22
humour,"Pyramids (Discworld, #7)",Terry Pratchett,3.92,1989,https://www.goodreads.com/book/show/64217.Pyramids
humour,"Men at Arms (Discworld, #15; City Watch, #2)",Terry Pratchett,4.41,1993,https://www.goodreads.com/book/show/400354.Men_at_Arms
humour,Hogfather,Terry Pratchett,4.26,1996,https://www.goodreads.com/book/show/34532.Hogfather
humour,The Importance of Being Earnest,Oscar Wilde,4.17,1895,https://www.goodreads.com/book/show/92303.The_Importance_of_Being_Earnest
humour,"Witches Abroad (Discworld, #12; Witches, #3)",Terry Pratchett,4.26,1991,https://www.goodreads.com/book/show/2442.Witches_Abroad
humour,"Going Postal (Discworld, #33; Moist von Lipwig, #1)",Terry Pratchett,4.41,2004,https://www.goodreads.com/book/show/64222.Going_Postal
humour,"Night Watch (Discworld, #29; City Watch, #6)",Terry Pratchett,4.5,2002,https://www.goodreads.com/book/show/47989.Night_Watch
humour,"Moving Pictures (Discworld, #10; Industrial Revolution, #1)",Terry Pratchett,3.97,1990,https://www.goodreads.com/book/show/34510.Moving_Pictures
humour,"Soul Music (Discworld, #16; Death, #3)",Terry Pratchett,4.06,1994,https://www.goodreads.com/book/show/34502.Soul_Music
humour,The Princess Bride,William Goldman,4.27,1973,https://www.goodreads.com/book/show/21787.The_Princess_Bride
humour,"Feet of Clay (Discworld, #19; City Watch, #3)",Terry Pratchett,4.33,1996,https://www.goodreads.com/book/show/34527.Feet_of_Clay
humour,"Eric (Discworld, #9; Rincewind, #4)",Terry Pratchett,3.79,1990,https://www.goodreads.com/book/show/64218.Eric
humour,"Lords and Ladies (Discworld, #14; Witches, #4)",Terry Pratchett,4.21,1992,https://www.goodreads.com/book/show/34529.Lords_and_Ladies
humour,"Maskerade (Discworld, #18; Witches, #5)",Terry Pratchett,4.13,1995,https://www.goodreads.com/book/show/78876.Maskerade
humour,"Jingo (Discworld, #21; City Watch, #4)",Terry Pratchett,4.19,1997,https://www.goodreads.com/book/show/47990.Jingo
humour,"The Fifth Elephant (Discworld, #24; City Watch, #5)",Terry Pratchett,4.31,1999,https://www.goodreads.com/book/show/63720.The_Fifth_Elephant
humour,Is Everyone Hanging Out Without Me? (And Other Concerns),Mindy Kaling,3.86,2011,https://www.goodreads.com/book/show/10335308-is-everyone-hanging-out-without-me
humour,"The Long Dark Tea-Time of the Soul (Dirk Gently, #2)",Douglas Adams,4.04,1988,https://www.goodreads.com/book/show/357.The_Long_Dark_Tea_Time_of_the_Soul
humour,"Thief of Time (Discworld, #26; Death, #5)",Terry Pratchett,4.28,2001,https://www.goodreads.com/book/show/48002.Thief_of_Time
humour,"The Inimitable Jeeves (Jeeves, #2)",P.G. Wodehouse,4.2,1923,https://www.goodreads.com/book/show/9515964-the-inimitable-jeeves
humour,"Carpe Jugulum (Discworld, #23; Witches, #6)",Terry Pratchett,4.19,1998,https://www.goodreads.com/book/show/34541.Carpe_Jugulum
humour,Red Russia,Tanya Thompson,4.05,2017,https://www.goodreads.com/book/show/36043601-red-russia
humour,"Lamb: The Gospel According to Biff, Christ’s Childhood Pal",Christopher Moore,4.23,2002,https://www.goodreads.com/book/show/28881.Lamb
humour,"The Wee Free Men (Discworld, #30; Tiffany Aching, #1)",Terry Pratchett,4.3,2003,https://www.goodreads.com/book/show/34494.The_Wee_Free_Men
memoir,"Eat, Pray, Love",Elizabeth Gilbert,3.64,2006,https://www.goodreads.com/book/show/19501.Eat_Pray_Love
memoir,The Year of Magical Thinking,Joan Didion,3.93,2005,https://www.goodreads.com/book/show/7815.The_Year_of_Magical_Thinking
memoir,Know My Name,Chanel Miller,4.69,2019,https://www.goodreads.com/book/show/50196744-know-my-name
memoir,In the Dream House,Carmen Maria Machado,4.39,2019,https://www.goodreads.com/book/show/43317482-in-the-dream-house
memoir,The Woman in Me,Britney Spears,3.83,2023,https://www.goodreads.com/book/show/63133205-the-woman-in-me
memoir,Hunger: A Memoir of (My) Body,Roxane Gay,4.17,2017,https://www.goodreads.com/book/show/26074156-hunger
memoir,Just Kids,Patti Smith,4.21,2010,https://www.goodreads.com/book/show/206318521-just-kids
memoir,Fun Home: A Family Tragicomic,Alison Bechdel,4.07,2006,https://www.goodreads.com/book/show/26135825-fun-home
memoir,Running with Scissors,Augusten Burroughs,3.77,2002,https://www.goodreads.com/book/show/242006.Running_with_Scissors
memoir,Kitchen Confidential: Adventures in the Culinary Underbelly,Anthony Bourdain,4.18,2000,https://www.goodreads.com/book/show/33313.Kitchen_Confidential
memoir,Brain on Fire: My Month of Madness,Susannah Cahalan,4.09,2012,https://www.goodreads.com/book/show/63221207-brain-on-fire
memoir,Untamed,Glennon Doyle,3.98,2020,https://www.goodreads.com/book/show/52129515-untamed
memoir,Let's Pretend This Never Happened: A Mostly True Memoir,Jenny  Lawson,3.9,2012,https://www.goodreads.com/book/show/12868761-let-s-pretend-this-never-happened
memoir,"Maybe You Should Talk to Someone: A Therapist, Her Therapist, and Our Lives Revealed",Lori Gottlieb,4.37,2019,https://www.goodreads.com/book/show/37570546-maybe-you-should-talk-to-someone
memoir,"Girl, Interrupted",Susanna Kaysen,3.94,1993,https://www.goodreads.com/book/show/68783.Girl_Interrupted
memoir,"Persepolis: The Story of a Childhood (Persepolis, #1)",Marjane Satrapi,4.27,2003,https://www.goodreads.com/book/show/9516.Persepolis
memoir,Orange Is the New Black,Piper Kerman,3.72,2010,https://www.goodreads.com/book/show/6314763-orange-is-the-new-black
memoir,Furiously Happy: A Funny Book About Horrible Things,Jenny  Lawson,3.89,2015,https://www.goodreads.com/book/show/23848559-furiously-happy
memoir,"Friends, Lovers, and the Big Terrible Thing",Matthew  Perry,3.94,2022,https://www.goodreads.com/book/show/59641216-friends-lovers-and-the-big-terrible-thing
memoir,Everything I Know About Love,Dolly Alderton,3.95,2018,https://www.goodreads.com/book/show/46041465-everything-i-know-about-love
memoir,Why Not Me?,Mindy Kaling,3.9,2015,https://www.goodreads.com/book/show/30268522-why-not-me
memoir,What My Bones Know,Stephanie Foo,4.5,2022,https://www.goodreads.com/book/show/58214328-what-my-bones-know
memoir,Finding Me,Viola Davis,4.54,2022,https://www.goodreads.com/book/show/58687126-finding-me
classics,"Little Women (Little Women, #1)",Louisa May Alcott,4.17,1868,https://www.goodreads.com/book/show/1934.Little_Women
classics,Emma,Jane Austen,4.05,1815,https://www.goodreads.com/book/show/6969.Emma
classics,Sense and Sensibility,Jane Austen,4.09,1811,https://www.goodreads.com/book/show/14935.Sense_and_Sensibility
classics,Romeo and Juliet,William Shakespeare,3.74,1590,https://www.goodreads.com/book/show/59926998-romeo-and-juliet
classics,Dracula,Bram Stoker,4.02,1897,https://www.goodreads.com/book/show/17245.Dracula
classics,Persuasion,Jane Austen,4.15,1817,https://www.goodreads.com/book/show/2156.Persuasion
classics,The Count of Monte Cristo,Alexandre Dumas,4.32,1846,https://www.goodreads.com/book/show/7126.The_Count_of_Monte_Cristo
classics,A Tale of Two Cities,Charles Dickens,3.88,1859,https://www.goodreads.com/book/show/1953.A_Tale_of_Two_Cities
classics,The Odyssey,Homer,3.83,,https://www.goodreads.com/book/show/1381.The_Odyssey
classics,Great Expectations,Charles Dickens,3.8,1861,https://www.goodreads.com/book/show/2623.Great_Expectations
classics,The Adventures of Huckleberry Finn,Mark Twain,3.83,1885,https://www.goodreads.com/book/show/2956.The_Adventures_of_Huckleberry_Finn
classics,The Scarlet Letter,Nathaniel Hawthorne,3.44,1850,https://www.goodreads.com/book/show/12296.The_Scarlet_Letter
classics,Hamlet,William Shakespeare,4.03,1601,https://www.goodreads.com/book/show/1420.Hamlet
classics,A Christmas Carol,Charles Dickens,4.09,1843,https://www.goodreads.com/book/show/5326.A_Christmas_Carol
classics,Macbeth,William Shakespeare,3.89,1623,https://www.goodreads.com/book/show/43913694-macbeth
classics,The Metamorphosis,Franz Kafka,3.9,1915,https://www.goodreads.com/book/show/485894.The_Metamorphosis
classics,The Bell Jar,Sylvia Plath,4.05,1963,https://www.goodreads.com/book/show/56616095-the-bell-jar
classics,The Old Man and the Sea,Ernest Hemingway,3.81,1952,https://www.goodreads.com/book/show/2165.The_Old_Man_and_the_Sea
classics,Northanger Abbey,Jane Austen,3.85,1817,https://www.goodreads.com/book/show/50398.Northanger_Abbey
classics,Les Misérables,Victor Hugo,4.21,1862,https://www.goodreads.com/book/show/24280.Les_Mis_rables
classics,Dr. Jekyll and Mr. Hyde,Robert Louis Stevenson,3.83,1886,https://www.goodreads.com/book/show/51496.Dr_Jekyll_and_Mr_Hyde
classics,The Grapes of Wrath,John Steinbeck,4.02,1939,https://www.goodreads.com/book/show/18114322-the-grapes-of-wrath
classics,The Adventures of Tom Sawyer,Mark Twain,3.92,1876,https://www.goodreads.com/book/show/24583.The_Adventures_of_Tom_Sawyer
classics,Lolita,Vladimir Nabokov,3.87,1955,https://www.goodreads.com/book/show/9216051-lolita
classics,Rebecca,Daphne du Maurier,4.25,1938,https://www.goodreads.com/book/show/17899948-rebecca
classics,The Iliad,Homer,3.93,,https://www.goodreads.com/book/show/77265004-the-iliad
classics,Mansfield Park,Jane Austen,3.86,1814,https://www.goodreads.com/book/show/45032.Mansfield_Park
mystery,And Then There Were None,Agatha Christie,4.27,1939,https://www.goodreads.com/book/show/16299.And_Then_There_Were_None
mystery,"Murder on the Orient Express (Hercule Poirot, #10)",Agatha Christie,4.2,1934,https://www.goodreads.com/book/show/853510.Murder_on_the_Orient_Express
mystery,"A Good Girl's Guide to Murder (A Good Girl's Guide to Murder, #1)",Holly  Jackson,4.29,2019,https://www.goodreads.com/book/show/40916679-a-good-girl-s-guide-to-murder
mystery,The Girl on the Train,Paula Hawkins,3.96,2015,https://www.goodreads.com/book/show/22557272-the-girl-on-the-train
mystery,The Silent Patient,Alex Michaelides,4.17,2019,https://www.goodreads.com/book/show/40097951-the-silent-patient
mystery,"The Mysterious Affair at Styles (Hercule Poirot, #1)",Agatha Christie,4.0,1920,https://www.goodreads.com/book/show/52843028-the-mysterious-affair-at-styles
mystery,"The Inheritance Games (The Inheritance Games, #1)",Jennifer Lynn Barnes,4.13,2020,https://www.goodreads.com/book/show/52439531-the-inheritance-games
mystery,"The Thursday Murder Club (Thursday Murder Club, #1)",Richard Osman,3.86,2020,https://www.goodreads.com/book/show/46000520-the-thursday-murder-club
mystery,"One of Us Is Lying (One of Us is Lying, #1)",Karen M. McManus,3.91,2017,https://www.goodreads.com/book/show/58679358-one-of-us-is-lying
mystery,The 7 1/2 Deaths of Evelyn Hardcastle,Stuart Turton,3.78,2018,https://www.goodreads.com/book/show/36337550-the-7-1-2-deaths-of-evelyn-hardcastle
mystery,"The Murder of Roger Ackroyd (Hercule Poirot, #4)",Agatha Christie,4.26,1926,https://www.goodreads.com/book/show/16328.The_Murder_of_Roger_Ackroyd
mystery,"The Cuckoo's Calling (Cormoran Strike, #1)",Robert Galbraith,3.89,2013,https://www.goodreads.com/book/show/16160797-the-cuckoo-s-calling
mystery,The Guest List,Lucy Foley,3.8,2020,https://www.goodreads.com/book/show/52656911-the-guest-list
mystery,"Death on the Nile (Hercule Poirot, #18)",Agatha Christie,4.12,1937,https://www.goodreads.com/book/show/131359.Death_on_the_Nile
mystery,"A Study in Scarlet (Sherlock Holmes, #1)",Arthur Conan Doyle,4.13,1887,https://www.goodreads.com/book/show/102868.A_Study_in_Scarlet
mystery,In the Woods (Dublin Murder Squad #1),Tana French,3.78,2007,https://www.goodreads.com/book/show/2459785.In_the_Woods
mystery,"The Hound of the Baskervilles (Sherlock Holmes, #5)",Arthur Conan Doyle,4.14,1902,https://www.goodreads.com/book/show/8921.The_Hound_of_the_Baskervilles
mystery,"Still Life (Chief Inspector Armand Gamache, #1)",Louise Penny,3.9,2005,https://www.goodreads.com/book/show/338691.Still_Life
mystery,The Girl Who Played with Fire (Millennium #2),Stieg Larsson,4.26,2006,https://www.goodreads.com/book/show/5060378-the-girl-who-played-with-fire
mystery,"The Maid (Molly the Maid, #1)",Nita Prose,3.75,2022,https://www.goodreads.com/book/show/55196813-the-maid
mystery,Sharp Objects,Gillian Flynn,4.01,2006,https://www.goodreads.com/book/show/18045891-sharp-objects
mystery,"The Sweetness at the Bottom of the Pie (Flavia de Luce, #1)",Alan Bradley,3.82,2009,https://www.goodreads.com/book/show/40605285-the-sweetness-at-the-bottom-of-the-pie
mystery,"Good Girl, Bad Blood (A Good Girl's Guide to Murder, #2)",Holly  Jackson,4.26,2020,https://www.goodreads.com/book/show/51335759-good-girl-bad-blood
mystery,"Truly, Devious (Truly Devious, #1)",Maureen Johnson,3.89,2018,https://www.goodreads.com/book/show/29589074-truly-devious
mystery,"The A.B.C. Murders (Hercule Poirot, #13)",Agatha Christie,4.03,1936,https://www.goodreads.com/book/show/16322.The_A_B_C_Murders
mystery,We Were Liars,E. Lockhart,3.65,2014,https://www.goodreads.com/book/show/16143347-we-were-liars
mystery,"The Adventures of Sherlock Holmes (Sherlock Holmes, #3)",Arthur Conan Doyle,4.3,1892,https://www.goodreads.com/book/show/3590.The_Adventures_of_Sherlock_Holmes
mystery,"Murder at the Vicarage (Miss Marple, #1)",Agatha Christie,4.04,1930,https://www.goodreads.com/book/show/16331.Murder_at_the_Vicarage
mystery,Dark Places,Gillian Flynn,3.94,2009,https://www.goodreads.com/book/show/5886881-dark-places
mystery,The Woman in Cabin 10 (Lo Blacklock #1),Ruth Ware,3.72,2016,https://www.goodreads.com/book/show/233770059-the-woman-in-cabin-10
mystery,The Secret History,Donna Tartt,4.16,1992,https://www.goodreads.com/book/show/29044.The_Secret_History
mystery,"The Girl Who Kicked the Hornet’s Nest (Millennium, #3)",Stieg Larsson,4.24,2007,https://www.goodreads.com/book/show/6892870-the-girl-who-kicked-the-hornet-s-nest
mystery,"The Hawthorne Legacy (The Inheritance Games, #2)",Jennifer Lynn Barnes,4.18,2021,https://www.goodreads.com/book/show/50531218-the-hawthorne-legacy
mystery,"One for the Money (Stephanie Plum, #1)",Janet Evanovich,4.05,1994,https://www.goodreads.com/book/show/6853.One_for_the_Money
mystery,"The Silkworm (Cormoran Strike, #2)",Robert Galbraith,4.05,2014,https://www.goodreads.com/book/show/18214414-the-silkworm
mystery,Verity,Colleen Hoover,4.3,2018,https://www.goodreads.com/book/show/59344312-verity
mystery,If We Were Villains,M.L. Rio,4.1,2017,https://www.goodreads.com/book/show/30319086-if-we-were-villains
mystery,"Magpie Murders (Susan Ryeland, #1)",Anthony Horowitz,3.95,2016,https://www.goodreads.com/book/show/32075854-magpie-murders
mystery,The God of the Woods,Liz    Moore,4.11,2024,https://www.goodreads.com/book/show/199698485-the-god-of-the-woods
mystery,The Westing Game,Ellen Raskin,3.99,1978,https://www.goodreads.com/book/show/902.The_Westing_Game
mystery,"The Housemaid (The Housemaid, #1)",Freida McFadden,4.28,2022,https://www.goodreads.com/book/show/60556912-the-housemaid
mystery,"The Last Thing He Told Me (Hannah Hall, #1)",Laura Dave,3.82,2021,https://www.goodreads.com/book/show/54981009-the-last-thing-he-told-me
mystery,The Woman in the Window,A.J. Finn,3.94,2018,https://www.goodreads.com/book/show/40389527-the-woman-in-the-window
mystery,"The Shadow of the Wind (The Cemetery of Forgotten Books, #1)",Carlos Ruiz Zafón,4.31,2001,https://www.goodreads.com/book/show/1232.The_Shadow_of_the_Wind
thriller,None of This Is True,Lisa Jewell,4.08,2023,https://www.goodreads.com/book/show/62334530-none-of-this-is-true
thriller,Never Lie,Freida McFadden,4.08,2022,https://www.goodreads.com/book/show/62080187-never-lie
thriller,"The Housemaid's Secret (The Housemaid, #2)",Freida McFadden,4.18,2023,https://www.goodreads.com/book/show/62848145-the-housemaid-s-secret
thriller,Pretty Girls,Karin Slaughter,4.01,2015,https://www.goodreads.com/book/show/25574782-pretty-girls
thriller,Rock Paper Scissors,Alice Feeney,3.88,2021,https://www.goodreads.com/book/show/56269064-rock-paper-scissors
thriller,Dark Matter,Blake Crouch,4.13,2016,https://www.goodreads.com/book/show/27833670-dark-matter
thriller,Then She Was Gone,Lisa Jewell,4.04,2017,https://www.goodreads.com/book/show/35297426-then-she-was-gone
thriller,Behind Closed Doors,B.A. Paris,3.97,2016,https://www.goodreads.com/book/show/29437949-behind-closed-doors
thriller,The Only One Left,Riley Sager,4.13,2023,https://www.goodreads.com/book/show/62703226-the-only-one-left
thriller,"The Lost Symbol (Robert Langdon, #3)",Dan    Brown,3.76,2009,https://www.goodreads.com/book/show/6411961-the-lost-symbol
thriller,Lock Every Door,Riley Sager,3.89,2019,https://www.goodreads.com/book/show/41837243-lock-every-door
thriller,A Flicker in the Dark,Stacy Willingham,3.97,2022,https://www.goodreads.com/book/show/57693172-a-flicker-in-the-dark
thriller,"Inferno (Robert Langdon, #4)",Dan    Brown,3.9,2013,https://www.goodreads.com/book/show/17212231-inferno
thriller,The Paris Apartment,Lucy Foley,3.65,2022,https://www.goodreads.com/book/show/58468990-the-paris-apartment
thriller,Final Girls,Riley Sager,3.82,2017,https://www.goodreads.com/book/show/32796253-final-girls
thriller,First Lie Wins,Ashley Elston,4.0,2024,https://www.goodreads.com/book/show/164444179-first-lie-wins
thriller,Local Woman Missing,Mary Kubica,4.12,2021,https://www.goodreads.com/book/show/57361474-local-woman-missing
thriller,Home Before Dark,Riley Sager,4.05,2020,https://www.goodreads.com/book/show/50833559-home-before-dark
thriller,The Couple Next Door,Shari Lapena,3.8,2016,https://www.goodreads.com/book/show/28815474-the-couple-next-door
thriller,"The Family Upstairs (The Family Upstairs, #1)",Lisa Jewell,3.96,2019,https://www.goodreads.com/book/show/43822820-the-family-upstairs
thriller,Deception Point,Dan    Brown,3.76,2001,https://www.goodreads.com/book/show/976.Deception_Point
thriller,"You (You, #1)",Caroline Kepnes,3.96,2014,https://www.goodreads.com/book/show/36430011-you
thriller,Digital Fortress,Dan    Brown,3.7,1998,https://www.goodreads.com/book/show/11125.Digital_Fortress
thriller,"The Silence of the Lambs  (Hannibal Lecter, #2)",Thomas  Harris,4.26,1988,https://www.goodreads.com/book/show/23807.The_Silence_of_the_Lambs
thriller,Hidden Pictures,Jason Rekulak,4.15,2022,https://www.goodreads.com/book/show/58724923-hidden-pictures
thriller,The Inmate,Freida McFadden,4.01,2022,https://www.goodreads.com/book/show/61149872-the-inmate
thriller,The Maidens,Alex Michaelides,3.62,2021,https://www.goodreads.com/book/show/45300567-the-maidens
thriller,"The Shining (The Shining, #1)",Stephen        King,4.28,1977,https://www.goodreads.com/book/show/11588.The_Shining
thriller,The Turn of the Key,Ruth Ware,3.91,2019,https://www.goodreads.com/book/show/42080142-the-turn-of-the-key
thriller,The House Across the Lake,Riley Sager,3.58,2022,https://www.goodreads.com/book/show/58909880-the-house-across-the-lake
thriller,Misery,Stephen        King,4.23,1987,https://www.goodreads.com/book/show/10614.Misery
young-adult,"Divergent (Divergent, #1)",Veronica Roth,4.13,2011,https://www.goodreads.com/book/show/13335037-divergent
young-adult,"Insurgent (Divergent, #2)",Veronica Roth,3.96,2012,https://www.goodreads.com/book/show/11735983-insurgent
young-adult,The Perks of Being a Wallflower,Stephen Chbosky,4.24,1999,https://www.goodreads.com/book/show/22628.The_Perks_of_Being_a_Wallflower
young-adult,Looking for Alaska,John Green,3.96,2005,https://www.goodreads.com/book/show/99561.Looking_for_Alaska
young-adult,"The Giver (The Giver, #1)",Lois Lowry,4.12,1993,https://www.goodreads.com/book/show/3636.The_Giver
young-adult,"Cinder (The Lunar Chronicles, #1)",Marissa Meyer,4.12,2012,https://www.goodreads.com/book/show/36381037-cinder
young-adult,"Allegiant (Divergent, #3)",Veronica Roth,3.6,2013,https://www.goodreads.com/book/show/18710190-allegiant
young-adult,"The Maze Runner (The Maze Runner, #1)",James Dashner,4.05,2009,https://www.goodreads.com/book/show/6186357-the-maze-runner
young-adult,Paper Towns,John Green,3.7,2008,https://www.goodreads.com/book/show/6442769-paper-towns
young-adult,The Hate U Give,Angie Thomas,4.45,2017,https://www.goodreads.com/book/show/58651625-the-hate-u-give
young-adult,"City of Ashes (The Mortal Instruments, #2)",Cassandra Clare,4.1,2008,https://www.goodreads.com/book/show/1582996.City_of_Ashes
young-adult,Thirteen Reasons Why,Jay Asher,3.84,2007,https://www.goodreads.com/book/show/29844228-thirteen-reasons-why
young-adult,"Miss Peregrine's Home for Peculiar Children (Miss Peregrine's Peculiar Children, #1)",Ransom Riggs,3.92,2011,https://www.goodreads.com/book/show/9460487-miss-peregrine-s-home-for-peculiar-children
young-adult,Fangirl,Rainbow Rowell,3.94,2013,https://www.goodreads.com/book/show/16068905-fangirl
young-adult,"City of Glass (The Mortal Instruments, #3)",Cassandra Clare,4.27,2009,https://www.goodreads.com/book/show/3777732-city-of-glass
young-adult,"Red Queen (Red Queen, #1)",Victoria Aveyard,3.98,2015,https://www.goodreads.com/book/show/22328546-red-queen
young-adult,Speak,Laurie Halse Anderson,4.05,1999,https://www.goodreads.com/book/show/39280444-speak
young-adult,"If I Stay (If I Stay, #1)",Gayle Forman,3.91,2009,https://www.goodreads.com/book/show/4374400-if-i-stay
young-adult,"Clockwork Angel (The Infernal Devices, #1)",Cassandra Clare,4.31,2010,https://www.goodreads.com/book/show/7171637-clockwork-angel
young-adult,"Aristotle and Dante Discover the Secrets of the Universe (Aristotle and Dante, #1)",Benjamin Alire Sáenz,4.29,2012,https://www.goodreads.com/book/show/12000020-aristotle-and-dante-discover-the-secrets-of-the-universe
young-adult,The Outsiders,S.E. Hinton,4.14,1967,https://www.goodreads.com/book/show/192566704-the-outsiders
young-adult,"The Raven Boys (The Raven Cycle, #1)",Maggie Stiefvater,4.05,2012,https://www.goodreads.com/book/show/17675462-the-raven-boys
young-adult,"Uglies (Uglies, #1)",Scott Westerfeld,3.84,2005,https://www.goodreads.com/book/show/24770.Uglies
young-adult,"Matched (Matched, #1)",Ally Condie,3.62,2010,https://www.goodreads.com/book/show/7735333-matched
contemporary,Normal People,Sally Rooney,3.81,2018,https://www.goodreads.com/book/show/41057294-normal-people
contemporary,"Simon vs. the Homo Sapiens Agenda (Simonverse, #1)",Becky Albertalli,4.13,2015,https://www.goodreads.com/book/show/19547856-simon-vs-the-homo-sapiens-agenda
contemporary,Eleanor Oliphant Is Completely Fine,Gail Honeyman,4.23,2017,https://www.goodreads.com/book/show/35900387-eleanor-oliphant-is-completely-fine
contemporary,"Anna and the French Kiss (Anna and the French Kiss, #1)",Stephanie Perkins,3.96,2010,https://www.goodreads.com/book/show/6936382-anna-and-the-french-kiss
contemporary,Little Fires Everywhere,Celeste Ng,4.07,2017,https://www.goodreads.com/book/show/34273236-little-fires-everywhere
contemporary,Yellowface,R.F. Kuang,3.73,2023,https://www.goodreads.com/book/show/62047984-yellowface
contemporary,"Everything, Everything",Nicola Yoon,3.96,2015,https://www.goodreads.com/book/show/18692431-everything-everything
contemporary,A Little Life,Hanya Yanagihara,4.28,2015,https://www.goodreads.com/book/show/22822858-a-little-life
contemporary,"Tomorrow, and Tomorrow, and Tomorrow",Gabrielle Zevin,4.12,2022,https://www.goodreads.com/book/show/58784475-tomorrow-and-tomorrow-and-tomorrow
contemporary,All the Bright Places,Jennifer Niven,4.11,2015,https://www.goodreads.com/book/show/18460392-all-the-bright-places
contemporary,Turtles All the Way Down,John Green,3.87,2017,https://www.goodreads.com/book/show/35504431-turtles-all-the-way-down
contemporary,Anxious People,Fredrik Backman,4.17,2019,https://www.goodreads.com/book/show/49127718-anxious-people
contemporary,I'll Give You the Sun,Jandy Nelson,4.15,2014,https://www.goodreads.com/book/show/20820994-i-ll-give-you-the-sun
contemporary,"P.S. I Still Love You (To All the Boys I've Loved Before, #2)",Jenny Han,4.01,2015,https://www.goodreads.com/book/show/20698530-p-s-i-still-love-you
contemporary,"They Both Die at the End (They Both Die at the End, #1)",Adam Silvera,3.75,2017,https://www.goodreads.com/book/show/33385229-they-both-die-at-the-end
contemporary,The Sun Is Also a Star,Nicola Yoon,3.95,2016,https://www.goodreads.com/book/show/28763485-the-sun-is-also-a-star
contemporary,Convenience Store Woman,Sayaka Murata,3.67,2016,https://www.goodreads.com/book/show/36739755-convenience-store-woman
contemporary,Daisy Jones & The Six,Taylor Jenkins Reid,4.2,2019,https://www.goodreads.com/book/show/40597810-daisy-jones-the-six
contemporary,"Crazy Rich Asians (Crazy Rich Asians, #1)",Kevin Kwan,3.91,2013,https://www.goodreads.com/book/show/16085481-crazy-rich-asians
contemporary,Radio Silence,Alice Oseman,4.17,2016,https://www.goodreads.com/book/show/25322449-radio-silence
contemporary,The Goldfinch,Donna Tartt,3.96,2013,https://www.goodreads.com/book/show/17333223-the-goldfinch
self-help,The 7 Habits of Highly Effective People: Powerful Lessons in Personal Change,Stephen R. Covey,4.16,1989,https://www.goodreads.com/book/show/36072.The_7_Habits_of_Highly_Effective_People
self-help,The Four Agreements: A Practical Guide to Personal Freedom,Miguel Ruiz,4.19,1997,https://www.goodreads.com/book/show/6596.The_Four_Agreements
self-help,The Power of Now: A Guide to Spiritual Enlightenment,Eckhart Tolle,4.15,1997,https://www.goodreads.com/book/show/6708.The_Power_of_Now
self-help,You Are a Badass: How to Stop Doubting Your Greatness and Start Living an Awesome Life,Jen Sincero,3.95,2013,https://www.goodreads.com/book/show/15843166-you-are-a-badass
self-help,Deep Work: Rules for Focused Success in a Distracted World,Cal Newport,4.16,2016,https://www.goodreads.com/book/show/25744928-deep-work
self-help,The Gifts of Imperfection,Brené Brown,4.25,2010,https://www.goodreads.com/book/show/7015403-the-gifts-of-imperfection
self-help,"Daring Greatly: How the Courage to Be Vulnerable Transforms the Way We Live, Love, Parent, and Lead",Brené Brown,4.29,2012,https://www.goodreads.com/book/show/13588356-daring-greatly
self-help,The Mountain Is You: Transforming Self-Sabotage Into Self-Mastery,Brianna Wiest,4.05,2020,https://www.goodreads.com/book/show/53642699-the-mountain-is-you
self-help,Think and Grow Rich,Napoleon Hill,4.17,,https://www.goodreads.com/book/show/30186948-think-and-grow-rich
self-help,12 Rules for Life: An Antidote to Chaos,Jordan B. Peterson,3.91,2018,https://www.goodreads.com/book/show/30257963-12-rules-for-life
self-help,The Courage to Be Disliked: A single book can change your life,Ichiro Kishimi,3.93,2013,https://www.goodreads.com/book/show/43306206-the-courage-to-be-disliked
self-help,"Rich Dad, Poor Dad",Robert T. Kiyosaki,4.1,1997,https://www.goodreads.com/book/show/69571.Rich_Dad_Poor_Dad
self-help,The 5 Love Languages: The Secret to Love that Lasts,Gary Chapman,4.27,1990,https://www.goodreads.com/book/show/23878688-the-5-love-languages
self-help,Who Moved My Cheese?,Spencer Johnson,3.87,1999,https://www.goodreads.com/book/show/4894.Who_Moved_My_Cheese_
self-help,Mindset: The New Psychology of Success,Carol S. Dweck,4.09,,https://www.goodreads.com/book/show/40745.Mindset
self-help,"The Secret (The Secret, #1)",Rhonda Byrne,3.74,2006,https://www.goodreads.com/book/show/52529.The_Secret
self-help,The 48 Laws of Power,Robert Greene,4.09,1999,https://www.goodreads.com/book/show/1303.The_48_Laws_of_Power
self-help,The 4-Hour Workweek,Timothy Ferriss,3.91,,https://www.goodreads.com/book/show/368593.The_4_Hour_Workweek
self-help,Essentialism: The Disciplined Pursuit of Less,Greg McKeown,4.06,2011,https://www.goodreads.com/book/show/19776547-essentialism
self-help,Big Magic: Creative Living Beyond Fear,Elizabeth Gilbert,3.96,2015,https://www.goodreads.com/book/show/24453082-big-magic
self-help,Can't Hurt Me: Master Your Mind and Defy the Odds,David Goggins,4.3,2018,https://www.goodreads.com/book/show/41721428-can-t-hurt-me
self-help,The Happiness Project,Gretchen Rubin,3.65,2009,https://www.goodreads.com/book/show/6398634-the-happiness-project
self-help,Getting Things Done: The Art of Stress-Free Productivity,David    Allen,4.0,2001,https://www.goodreads.com/book/show/1633.Getting_Things_Done
self-help,Four Thousand Weeks: Time Management for Mortals,Oliver Burkeman,4.18,2021,https://www.goodreads.com/book/show/54785515-four-thousand-weeks
self-help,How to Stop Worrying and Start Living: Time-Tested Methods for Conquering Worry,Dale Carnegie,4.16,1944,https://www.goodreads.com/book/show/4866.How_to_Stop_Worrying_and_Start_Living
self-help,The Untethered Soul: The Journey Beyond Yourself,Michael A. Singer,4.21,2007,https://www.goodreads.com/book/show/1963638.The_Untethered_Soul
self-help,"Adult Children of Emotionally Immature Parents: How to Heal from Distant, Rejecting, or Self-Involved Parents",Lindsay C. Gibson,4.36,2015,https://www.goodreads.com/book/show/23129659-adult-children-of-emotionally-immature-parents
self-help,The Psychology of Money,Morgan Housel,4.29,2020,https://www.goodreads.com/book/show/41881472-the-psychology-of-money
self-help,101 Essays That Will Change The Way You Think,Brianna Wiest,3.73,2016,https://www.goodreads.com/book/show/32998876-101-essays-that-will-change-the-way-you-think
self-help,Attached: The New Science of Adult Attachment and How It Can Help You Find—and Keep—Love,Amir Levine,4.13,2010,https://www.goodreads.com/book/show/9547888-attached
self-help,Grit: The Power of Passion and Perseverance,Angela Duckworth,4.08,2016,https://www.goodreads.com/book/show/27213329-grit
self-help,Digital Minimalism: Choosing a Focused Life in a Noisy World,Cal Newport,4.05,2019,https://www.goodreads.com/book/show/40672036-digital-minimalism
self-help,Never Split the Difference: Negotiating as if Your Life Depended on It,Chris Voss,4.35,2016,https://www.goodreads.com/book/show/123857637-never-split-the-difference
self-help,Girl Wash your Face,Rachel Hollis,3.57,2018,https://www.goodreads.com/book/show/35542451-girl-wash-your-face
self-help,Make Your Bed: Little Things That Can Change Your Life...and Maybe the World,William H. McRaven,,,https://www.goodreads.com/book/show/31423133-make-your-bed
self-help,10% Happier,Dan   Harris,3.91,2014,https://www.goodreads.com/book/show/18505796-10-happier
self-help,The Let Them Theory,Mel Robbins,4.07,2024,https://www.goodreads.com/book/show/216351768-the-let-them-theory
self-help,A New Earth: Awakening to Your Life's Purpose,Eckhart Tolle,4.16,,https://www.goodreads.com/book/show/76334.A_New_Earth
graphic-novels,Watchmen,Alan             Moore,4.39,1987,https://www.goodreads.com/book/show/472331.Watchmen
graphic-novels,"Saga, Volume 1",Brian K. Vaughan,,,https://www.goodreads.com/book/show/15704307-saga-volume-1
graphic-novels,Nimona,N.D. Stevenson,4.18,2015,https://www.goodreads.com/book/show/19351043-nimona
graphic-novels,"Heartstopper: Volume Two (Heartstopper, #2)",Alice Oseman,4.51,2019,https://www.goodreads.com/book/show/43307358-heartstopper
graphic-novels,"The Sandman, Vol. 1: Preludes & Nocturnes",Neil Gaiman,4.25,1988,https://www.goodreads.com/book/show/23754.The_Sandman_Vol_1
graphic-novels,V for Vendetta,Alan             Moore,4.26,1990,https://www.goodreads.com/book/show/5805.V_for_Vendetta
graphic-novels,The Complete Maus,Art Spiegelman,4.58,1980,https://www.goodreads.com/book/show/15195.The_Complete_Maus
graphic-novels,"Heartstopper: Volume Three (Heartstopper, #3)",Alice Oseman,4.54,2020,https://www.goodreads.com/book/show/43449920-heartstopper
graphic-novels,Blankets,Craig Thompson,4.06,2003,https://www.goodreads.com/book/show/25179.Blankets
graphic-novels,"Saga, Volume 2",Brian K. Vaughan,,,https://www.goodreads.com/book/show/17131869-saga-volume-2
graphic-novels,The Complete Persepolis,Marjane Satrapi,4.4,2007,https://www.goodreads.com/book/show/991197.The_Complete_Persepolis
graphic-novels,The Prince and the Dressmaker,Jen Wang,4.33,2018,https://www.goodreads.com/book/show/34506912-the-prince-and-the-dressmaker
graphic-novels,"Heartstopper: Volume Four (Heartstopper, #4)",Alice Oseman,4.58,2021,https://www.goodreads.com/book/show/56060300-heartstopper
graphic-novels,"Maus I: A Survivor's Tale: My Father Bleeds History (Maus, #1)",Art Spiegelman,4.39,1986,https://www.goodreads.com/book/show/15196.Maus_I
graphic-novels,"Saga, Volume 3",Brian K. Vaughan,,,https://www.goodreads.com/book/show/19358975-saga-volume-3
graphic-novels,"Paper Girls, Volume 1",Brian K. Vaughan,,,https://www.goodreads.com/book/show/28204534-paper-girls-volume-1
graphic-novels,Through the Woods,E.M. Carroll,3.94,2014,https://www.goodreads.com/book/show/18659623-through-the-woods
graphic-novels,This One Summer,Mariko Tamaki,3.69,2014,https://www.goodreads.com/book/show/18465566-this-one-summer
graphic-novels,"Saga, Volume 4",Brian K. Vaughan,,,https://www.goodreads.com/book/show/23093367-saga-volume-4
graphic-novels,Anya's Ghost,Vera Brosgol,3.9,2011,https://www.goodreads.com/book/show/9615347-anya-s-ghost
graphic-novels,Batman: The Killing Joke,Alan             Moore,4.36,1988,https://www.goodreads.com/book/show/96358.Batman
graphic-novels,Pumpkinheads,Rainbow Rowell,4.01,2019,https://www.goodreads.com/book/show/40864790-pumpkinheads
graphic-novels,"The Sandman, Vol. 2: The Doll's House",Neil Gaiman,4.43,1990,https://www.goodreads.com/book/show/25099.The_Sandman_Vol_2
graphic-novels,American Born Chinese,Gene Luen Yang,3.88,2006,https://www.goodreads.com/book/show/118944.American_Born_Chinese
graphic-novels,"Fables, Vol. 1: Legends in Exile",Bill Willingham,,,https://www.goodreads.com/book/show/21326.Fables_Vol_1
graphic-novels,"Saga, Volume 5",Brian K. Vaughan,,,https://www.goodreads.com/book/show/25451555-saga-volume-5
graphic-novels,"The Tea Dragon Society (Tea Dragon, #1)",Kay O'Neill,4.34,2017,https://www.goodreads.com/book/show/34895950-the-tea-dragon-society
graphic-novels,"Scott Pilgrim's Precious Little Life (Scott Pilgrim, #1)",Bryan Lee O'Malley,,,https://www.goodreads.com/book/show/29800.Scott_Pilgrim_s_Precious_Little_Life
graphic-novels,"Lumberjanes, Vol. 1: Beware the Kitten Holy",N.D. Stevenson,,,https://www.goodreads.com/book/show/22554204-lumberjanes-vol-1
graphic-novels,"The Sandman, Vol. 3: Dream Country",Neil Gaiman,4.24,1990,https://www.goodreads.com/book/show/25100.The_Sandman_Vol_3
graphic-novels,Batman: The Dark Knight Returns,Frank Miller,4.26,1986,https://www.goodreads.com/book/show/59960.Batman
graphic-novels,"Y: The Last Man, Vol. 1: Unmanned",Brian K. Vaughan,4.08,2003,https://www.goodreads.com/book/show/156534.Y
graphic-novels,Welcome to Lovecraft (Locke & Key #1),Joe Hill,4.15,2008,https://www.goodreads.com/book/show/3217221-welcome-to-lovecraft
graphic-novels,"Lore Olympus: Volume One (Lore Olympus, #1)",Rachel  Smythe,4.21,2021,https://www.goodreads.com/book/show/57282218-lore-olympus
graphic-novels,Laura Dean Keeps Breaking Up with Me,Mariko Tamaki,3.84,2019,https://www.goodreads.com/book/show/40864841-laura-dean-keeps-breaking-up-with-me
graphic-novels,Mooncakes,Suzanne  Walker,3.81,2019,https://www.goodreads.com/book/show/44774415-mooncakes
graphic-novels,"Smile (Smile, #1)",Raina Telgemeier,4.23,2009,https://www.goodreads.com/book/show/6393631-smile
graphic-novels,"Saga, Volume 6",Brian K. Vaughan,,,https://www.goodreads.com/book/show/28862528-saga-volume-6
graphic-novels,Batman: Year One,Frank Miller,,,https://www.goodreads.com/book/show/59980.Batman
graphic-novels,"Ms. Marvel, Vol. 1: No Normal",G. Willow Wilson,4.1,2014,https://www.goodreads.com/book/show/20898019-ms-marvel-vol-1
graphic-novels,"The Sandman, Vol. 4: Season of Mists",Neil Gaiman,4.53,1991,https://www.goodreads.com/book/show/25101.The_Sandman_Vol_4
graphic-novels,"Maus II: A Survivor's Tale: And Here My Troubles Began (Maus, #2)",Art Spiegelman,4.43,1991,https://www.goodreads.com/book/show/15197.Maus_II
graphic-novels,Bloom,Kevin Panetta,3.9,2019,https://www.goodreads.com/book/show/39073387-bloom
graphic-novels,Ghost World,Daniel Clowes,3.82,1998,https://www.goodreads.com/book/show/62953.Ghost_World
graphic-novels,"The Wicked + The Divine, Vol. 1: The Faust Act",Kieron Gillen,,,https://www.goodreads.com/book/show/23093359-the-wicked-the-divine-vol-1
graphic-novels,The Girl from the Sea,Molly Knox Ostertag,4.12,2021,https://www.goodreads.com/book/show/54776523-the-girl-from-the-sea
graphic-novels,"The Walking Dead, Vol. 1: Days Gone Bye",Robert Kirkman,4.27,2004,https://www.goodreads.com/book/show/138398.The_Walking_Dead_Vol_1
poetry,Milk and honey,Rupi Kaur,3.96,2014,https://www.goodreads.com/book/show/23513349-milk-and-honey
poetry,The Sun and Her Flowers,Rupi Kaur,4.08,2018,https://www.goodreads.com/book/show/35606560-the-sun-and-her-flowers
poetry,"The Princess Saves Herself in This One (Women Are Some Kind of Magic, #1)",Amanda Lovelace,3.82,2016,https://www.goodreads.com/book/show/30075802-the-princess-saves-herself-in-this-one
poetry,Leaves of Grass,Walt Whitman,4.11,1855,https://www.goodreads.com/book/show/27494.Leaves_of_Grass
poetry,Ariel,Sylvia Plath,4.19,1965,https://www.goodreads.com/book/show/395090.Ariel
poetry,Night Sky with Exit Wounds,Ocean Vuong,4.17,2016,https://www.goodreads.com/book/show/23841432-night-sky-with-exit-wounds
poetry,The Complete Poems of Emily Dickinson,Emily Dickinson,4.28,1890,https://www.goodreads.com/book/show/112204.The_Complete_Poems_of_Emily_Dickinson
poetry,Howl and Other Poems,Allen Ginsberg,4.13,1956,https://www.goodreads.com/book/show/6295.Howl_and_Other_Poems
poetry,Crush,Richard Siken,4.34,2005,https://www.goodreads.com/book/show/96259.Crush
poetry,Beowulf,Beowulf Poet,3.5,1000,https://www.goodreads.com/book/show/52357.Beowulf
poetry,Paradise Lost,John Milton,3.85,1667,https://www.goodreads.com/book/show/15997.Paradise_Lost
poetry,Home Body,Rupi Kaur,4.06,2020,https://www.goodreads.com/book/show/49656780-home-body
poetry,Twenty Love Poems and a Song of Despair,Pablo Neruda,4.2,1924,https://www.goodreads.com/book/show/5932.Twenty_Love_Poems_and_a_Song_of_Despair
poetry,The Poet X,Elizabeth Acevedo,4.37,2018,https://www.goodreads.com/book/show/33294200-the-poet-x
poetry,The Waste Land and Other Poems,T.S. Eliot,4.22,1922,https://www.goodreads.com/book/show/400412.The_Waste_Land_and_Other_Poems
poetry,Shakespeare's Sonnets,William Shakespeare,4.25,1609,https://www.goodreads.com/book/show/42038.Shakespeare_s_Sonnets
poetry,Les Fleurs du Mal,Charles Baudelaire,4.19,1857,https://www.goodreads.com/book/show/203220.Les_Fleurs_du_Mal
poetry,"The Witch Doesn't Burn in This One (Women Are Some Kind of Magic, #2)",Amanda Lovelace,3.73,2018,https://www.goodreads.com/book/show/35924698-the-witch-doesn-t-burn-in-this-one
poetry,Devotions: The Selected Poems of Mary Oliver,Mary Oliver,4.56,2017,https://www.goodreads.com/book/show/34272476-devotions
poetry,The Prophet,Kahlil Gibran,4.23,1923,https://www.goodreads.com/book/show/2547.The_Prophet
poetry,The Complete Stories and Poems,Edgar Allan Poe,4.4,1849,https://www.goodreads.com/book/show/23919.The_Complete_Stories_and_Poems
poetry,A Thousand Mornings: Poems,Mary Oliver,4.2,2012,https://www.goodreads.com/book/show/13588404-a-thousand-mornings
poetry,Citizen: An American Lyric,Claudia Rankine,4.25,2014,https://www.goodreads.com/book/show/20613761-citizen
poetry,"If Not, Winter: Fragments of Sappho",Sappho,4.43,,https://www.goodreads.com/book/show/150253.If_Not_Winter
poetry,Time Is a Mother,Ocean Vuong,3.92,2022,https://www.goodreads.com/book/show/58582927-time-is-a-mother
poetry,Songs of Innocence and of Experience,William Blake,4.09,1794,https://www.goodreads.com/book/show/171547.Songs_of_Innocence_and_of_Experience
poetry,Inferno,Dante Alighieri,4.03,1320,https://www.goodreads.com/book/show/15645.Inferno
poetry,Letters to a Young Poet,Rainer Maria Rilke,4.28,1929,https://www.goodreads.com/book/show/46199.Letters_to_a_Young_Poet
poetry,The Collected Poems,Sylvia Plath,4.25,1981,https://www.goodreads.com/book/show/2078076.The_Collected_Poems
poetry,Autobiography of Red,Anne Carson,4.25,1998,https://www.goodreads.com/book/show/61049.Autobiography_of_Red
poetry,The Waste Land,T.S. Eliot,4.11,1922,https://www.goodreads.com/book/show/34080.The_Waste_Land
poetry,The Raven,Edgar Allan Poe,4.29,1845,https://www.goodreads.com/book/show/264158.The_Raven
poetry,The Essential Rumi,Coleman Barks,,,https://www.goodreads.com/book/show/304079.The_Essential_Rumi
poetry,Teaching My Mother How to Give Birth,Warsan Shire,4.24,2011,https://www.goodreads.com/book/show/13376363-teaching-my-mother-how-to-give-birth
poetry,Salt,Nayyirah Waheed,4.22,2013,https://www.goodreads.com/book/show/18585282-salt
poetry,The Divine Comedy: Inferno - Purgatorio - Paradiso,Dante Alighieri,4.08,1320,https://www.goodreads.com/book/show/6656.The_Divine_Comedy
poetry,Falling Up,Shel Silverstein,4.36,1996,https://www.goodreads.com/book/show/30120.Falling_Up
poetry,Bluets,Maggie Nelson,4.05,2009,https://www.goodreads.com/book/show/6798263-bluets
poetry,"Pillow Thoughts (Pillow Thoughts, #1)",Courtney Peppernell,3.81,2017,https://www.goodreads.com/book/show/32468495-pillow-thoughts
poetry,Bright Dead Things,Ada Limon,4.19,2015,https://www.goodreads.com/book/show/24945396-bright-dead-things
poetry,Violet Bent Backwards Over the Grass,Lana Del Rey,3.99,2020,https://www.goodreads.com/book/show/43554866-violet-bent-backwards-over-the-grass
poetry,The Collected Poems of W.B. Yeats,W.B. Yeats,4.23,1933,https://www.goodreads.com/book/show/53022.The_Collected_Poems_of_W_B_Yeats
poetry,Love & Misadventure,Lang Leav,3.93,2013,https://www.goodreads.com/book/show/18003300-love-misadventure
poetry,The Poetry of Robert Frost,Robert Frost,4.24,1969,https://www.goodreads.com/book/show/95819.The_Poetry_of_Robert_Frost
poetry,Brown Girl Dreaming,Jacqueline Woodson,4.15,2014,https://www.goodreads.com/book/show/20821284-brown-girl-dreaming
poetry,Call Us What We Carry,Amanda Gorman,4.26,2021,https://www.goodreads.com/book/show/56805404-call-us-what-we-carry
crime,"The Godfather (The Godfather, #1)",Mario Puzo,4.4,1969,https://www.goodreads.com/book/show/22034.The_Godfather
crime,"Red Dragon (Hannibal Lecter, #1)",Thomas  Harris,4.07,1981,https://www.goodreads.com/book/show/28877.Red_Dragon
crime,The Elephant Tree,R.D. Ronald,3.9,2010,https://www.goodreads.com/book/show/9293020-the-elephant-tree
crime,The Zombie Room,R.D. Ronald,3.92,2012,https://www.goodreads.com/book/show/29908754-the-zombie-room
crime,"The Big Sleep (Philip Marlowe, #1)",Raymond Chandler,3.94,1939,https://www.goodreads.com/book/show/2052.The_Big_Sleep
crime,"Career of Evil (Cormoran Strike, #3)",Robert Galbraith,4.22,2015,https://www.goodreads.com/book/show/40611999-career-of-evil
crime,"Flaggermusmannen (Harry Hole, #1)",Jo Nesbø,3.55,1997,https://www.goodreads.com/book/show/1991039.Flaggermusmannen
crime,"The Snowman (Harry Hole, #7)",Jo Nesbø,4.02,2007,https://www.goodreads.com/book/show/9572203-the-snowman
crime,"The Sign of Four (Sherlock Holmes, #2)",Arthur Conan Doyle,3.89,1890,https://www.goodreads.com/book/show/608474.The_Sign_of_Four
crime,"The Dry (Aaron Falk, #1)",Jane Harper,4.06,2016,https://www.goodreads.com/book/show/27824826-the-dry
crime,"The Man Who Died Twice (Thursday Murder Club, #2)",Richard Osman,4.36,2021,https://www.goodreads.com/book/show/55457493-the-man-who-died-twice
crime,"My Sister, the Serial Killer",Oyinkan Braithwaite,3.64,2018,https://www.goodreads.com/book/show/38819868-my-sister-the-serial-killer
crime,"Killing Floor (Jack Reacher, #1)",Lee Child,4.08,1997,https://www.goodreads.com/book/show/78129.Killing_Floor
crime,The Lovely Bones,Alice Sebold,3.86,2002,https://www.goodreads.com/book/show/12232938-the-lovely-bones
crime,"Mr. Mercedes (Bill Hodges Trilogy, #1)",Stephen        King,4.04,2014,https://www.goodreads.com/book/show/18775247-mr-mercedes
crime,"The Black Echo (Harry Bosch, #1; Harry Bosch Universe, #1)",Michael    Connelly,4.14,1992,https://www.goodreads.com/book/show/32508.The_Black_Echo
philosophy,Meditations,Marcus Aurelius,4.28,,https://www.goodreads.com/book/show/30659.Meditations
philosophy,The Republic,Plato,3.97,,https://www.goodreads.com/book/show/30289.The_Republic
philosophy,Thus Spoke Zarathustra,Friedrich Nietzsche,4.07,1883,https://www.goodreads.com/book/show/51893.Thus_Spoke_Zarathustra
philosophy,Beyond Good and Evil,Friedrich Nietzsche,4.03,1886,https://www.goodreads.com/book/show/12321.Beyond_Good_and_Evil
philosophy,The Prince,Niccolò Machiavelli,3.84,1513,https://www.goodreads.com/book/show/28862.The_Prince
philosophy,Sophie’s World,Jostein Gaarder,3.97,1991,https://www.goodreads.com/book/show/10959.Sophie_s_World
philosophy,Tao Te Ching,Lao Tzu,4.29,,https://www.goodreads.com/book/show/67896.Tao_Te_Ching
philosophy,The Nicomachean Ethics,Aristotle,4.0,,https://www.goodreads.com/book/show/19068.The_Nicomachean_Ethics
philosophy,Letters from a Stoic,Seneca,4.33,,https://www.goodreads.com/book/show/97411.Letters_from_a_Stoic
philosophy,Critique of Pure Reason,Immanuel Kant,3.96,1781,https://www.goodreads.com/book/show/18288.Critique_of_Pure_Reason
philosophy,A History of Western Philosophy,Bertrand Russell,4.13,1945,https://www.goodreads.com/book/show/243685.A_History_of_Western_Philosophy
philosophy,Siddhartha,Hermann Hesse,4.08,1922,https://www.goodreads.com/book/show/52036.Siddhartha
philosophy,The Symposium,Plato,4.09,,https://www.goodreads.com/book/show/81779.The_Symposium
philosophy,The Communist Manifesto,Karl Marx,3.68,1848,https://www.goodreads.com/book/show/30474.The_Communist_Manifesto
philosophy,"Zen and the Art of Motorcycle Maintenance: An Inquiry Into Values (Phaedrus, #1)",Robert M. Pirsig,3.78,1974,https://www.goodreads.com/book/show/629.Zen_and_the_Art_of_Motorcycle_Maintenance
philosophy,The Myth of Sisyphus,Albert Camus,4.17,1942,https://www.goodreads.com/book/show/91950.The_Myth_of_Sisyphus
philosophy,Being and Time,Martin Heidegger,4.05,1927,https://www.goodreads.com/book/show/92307.Being_and_Time
philosophy,Fear and Trembling,Søren Kierkegaard,4.0,1843,https://www.goodreads.com/book/show/24965.Fear_and_Trembling
philosophy,Being and Nothingness,Jean-Paul Sartre,3.99,1943,https://www.goodreads.com/book/show/10033.Being_and_Nothingness
philosophy,On the Genealogy of Morals,Friedrich Nietzsche,4.12,1887,https://www.goodreads.com/book/show/80449.On_the_Genealogy_of_Morals
philosophy,Nausea,Jean-Paul Sartre,3.93,1938,https://www.goodreads.com/book/show/298275.Nausea
philosophy,Candide,Voltaire,3.76,1759,https://www.goodreads.com/book/show/19380.Candide
philosophy,The Myth of Sisyphus and Other Essays,Albert Camus,4.22,1942,https://www.goodreads.com/book/show/11987.The_Myth_of_Sisyphus_and_Other_Essays
philosophy,Leviathan,Thomas Hobbes,3.7,1651,https://www.goodreads.com/book/show/91953.Leviathan
philosophy,Existentialism is a Humanism,Jean-Paul Sartre,3.98,1946,https://www.goodreads.com/book/show/51985.Existentialism_is_a_Humanism
philosophy,Apology,Plato,4.19,,https://www.goodreads.com/book/show/73945.Apology
philosophy,The Social Contract,Jean-Jacques Rousseau,3.78,1762,https://www.goodreads.com/book/show/12651.The_Social_Contract
philosophy,On Liberty,John Stuart Mill,3.96,1859,https://www.goodreads.com/book/show/385228.On_Liberty
philosophy,"The Art of Living: The Classical Manual on Virtue, Happiness and Effectiveness",Epictetus,4.24,,https://www.goodreads.com/book/show/24618.The_Art_of_Living
philosophy,Ethics,Baruch Spinoza,4.1,1677,https://www.goodreads.com/book/show/205218.Ethics
philosophy,On the Shortness of Life: Life Is Long if You Know How to Use It (Penguin Great Ideas),Seneca,4.16,,https://www.goodreads.com/book/show/97412.On_the_Shortness_of_Life
philosophy,"Walden or, Life in the Woods",Henry David Thoreau,3.77,1854,https://www.goodreads.com/book/show/16902.Walden_or_Life_in_the_Woods
philosophy,The Problems of Philosophy,Bertrand Russell,3.9,1912,https://www.goodreads.com/book/show/31799.The_Problems_of_Philosophy
philosophy,An Enquiry Concerning Human Understanding,David Hume,3.94,1748,https://www.goodreads.com/book/show/130119.An_Enquiry_Concerning_Human_Understanding
philosophy,"The Trial and Death of Socrates (Euthyphro, Apology, Crito, Phaedo)",Plato,4.12,,https://www.goodreads.com/book/show/22632.The_Trial_and_Death_of_Socrates
philosophy,Politics,Aristotle,3.98,,https://www.goodreads.com/book/show/19083.Politics
philosophy,Tractatus Logico-Philosophicus,Ludwig Wittgenstein,4.1,1921,https://www.goodreads.com/book/show/12075.Tractatus_Logico_Philosophicus
philosophy,Meditations on First Philosophy,René Descartes,3.74,1641,https://www.goodreads.com/book/show/30658.Meditations_on_First_Philosophy
philosophy,The Story of Philosophy: The Lives and Opinions of the World's Greatest Philosophers,Will Durant,4.15,1926,https://www.goodreads.com/book/show/31795.The_Story_of_Philosophy
philosophy,Discipline and Punish: The Birth of the Prison,Michel Foucault,4.24,1975,https://www.goodreads.com/book/show/80369.Discipline_and_Punish
philosophy,Groundwork of the Metaphysics of Morals,Immanuel Kant,3.83,1785,https://www.goodreads.com/book/show/60080.Groundwork_of_the_Metaphysics_of_Morals
philosophy,Phenomenology of Spirit,Georg Wilhelm Friedrich Hegel,3.96,1807,https://www.goodreads.com/book/show/9454.Phenomenology_of_Spirit
philosophy,Discourse on Method and Meditations on First Philosophy,René Descartes,3.77,1637,https://www.goodreads.com/book/show/31862.Discourse_on_Method_and_Meditations_on_First_Philosophy
philosophy,The Plague,Albert Camus,4.02,1947,https://www.goodreads.com/book/show/11989.The_Plague
philosophy,Utopia,Thomas More,3.55,1516,https://www.goodreads.com/book/show/18414.Utopia
